Customer_ID,Segment
CUST-30000,Discount_Seeker
CUST-30001,Regular
CUST-30002,Discount_Seeker
CUST-30003,Regular
CUST-30004,Regular
CUST-30005,One_Time_Buyer
CUST-30006,Discount_Seeker
CUST-30007,Regular
CUST-30008,Regular
CUST-30009,One_Time_Buyer
CUST-30010,Regular
CUST-30011,Regular
CUST-30012,VIP
CUST-30013,VIP
CUST-30014,One_Time_Buyer
CUST-30015,Discount_Seeker
CUST-30016,Regular
CUST-30017,Discount_Seeker
CUST-30018,Regular
CUST-30019,One_Time_Buyer
CUST-30020,One_Time_Buyer
CUST-30021,Regular
CUST-30022,One_Time_Buyer
CUST-30023,Discount_Seeker
CUST-30024,Regular
CUST-30025,Regular
CUST-30026,Regular
CUST-30027,Discount_Seeker
CUST-30028,One_Time_Buyer
CUST-30029,Discount_Seeker
CUST-30030,One_Time_Buyer
CUST-30031,Discount_Seeker
CUST-30032,One_Time_Buyer
CUST-30033,Discount_Seeker
CUST-30034,Regular
CUST-30035,Discount_Seeker
CUST-30036,One_Time_Buyer
CUST-30037,VIP
CUST-30038,One_Time_Buyer
CUST-30039,Regular
CUST-30040,Discount_Seeker
CUST-30041,One_Time_Buyer
CUST-30042,Regular
CUST-30043,Regular
CUST-30044,Regular
CUST-30045,One_Time_Buyer
CUST-30046,VIP
CUST-30047,One_Time_Buyer
CUST-30048,Regular
CUST-30049,One_Time_Buyer
CUST-30050,One_Time_Buyer
CUST-30051,Regular
CUST-30052,Discount_Seeker
CUST-30053,Regular
CUST-30054,Discount_Seeker
CUST-30055,VIP
CUST-30056,VIP
CUST-30057,VIP
CUST-30058,Regular
CUST-30059,Regular
CUST-30060,Discount_Seeker
CUST-30061,One_Time_Buyer
CUST-30062,Regular
CUST-30063,Discount_Seeker
CUST-30064,Regular
CUST-30065,One_Time_Buyer
CUST-30066,One_Time_Buyer
CUST-30067,One_Time_Buyer
CUST-30068,One_Time_Buyer
CUST-30069,VIP
CUST-30070,One_Time_Buyer
CUST-30071,Discount_Seeker
CUST-30072,Regular
CUST-30073,One_Time_Buyer
CUST-30074,Regular
CUST-30075,Discount_Seeker
CUST-30076,Regular
CUST-30077,Regular
CUST-30078,Discount_Seeker
CUST-30079,Discount_Seeker
CUST-30080,Regular
CUST-30081,Regular
CUST-30082,One_Time_Buyer
CUST-30083,Regular
CUST-30084,Regular
CUST-30085,One_Time_Buyer
CUST-30086,One_Time_Buyer
CUST-30087,Regular
CUST-30088,Discount_Seeker
CUST-30089,One_Time_Buyer
CUST-30090,One_Time_Buyer
CUST-30091,Discount_Seeker
CUST-30092,Regular
CUST-30093,Regular
CUST-30094,Regular
CUST-30095,Discount_Seeker
CUST-30096,VIP
CUST-30097,Discount_Seeker
CUST-30098,Regular
CUST-30099,Regular
CUST-30100,One_Time_Buyer
CUST-30101,Regular
CUST-30102,VIP
CUST-30103,One_Time_Buyer
CUST-30104,VIP
CUST-30105,Discount_Seeker
CUST-30106,Discount_Seeker
CUST-30107,Regular
CUST-30108,One_Time_Buyer
CUST-30109,Discount_Seeker
CUST-30110,Regular
CUST-30111,VIP
CUST-30112,Regular
CUST-30113,One_Time_Buyer
CUST-30114,Regular
CUST-30115,Discount_Seeker
CUST-30116,Discount_Seeker
CUST-30117,Discount_Seeker
CUST-30118,VIP
CUST-30119,Regular
CUST-30120,Discount_Seeker
CUST-30121,Regular
CUST-30122,Regular
CUST-30123,VIP
CUST-30124,Regular
CUST-30125,One_Time_Buyer
CUST-30126,VIP
CUST-30127,Regular
CUST-30128,Regular
CUST-30129,Discount_Seeker
CUST-30130,Discount_Seeker
CUST-30131,Regular
CUST-30132,Discount_Seeker
CUST-30133,Discount_Seeker
CUST-30134,One_Time_Buyer
CUST-30135,One_Time_Buyer
CUST-30136,Regular
CUST-30137,Regular
CUST-30138,Regular
CUST-30139,Regular
CUST-30140,One_Time_Buyer
CUST-30141,Regular
CUST-30142,Regular
CUST-30143,Discount_Seeker
CUST-30144,Discount_Seeker
CUST-30145,Regular
CUST-30146,Regular
CUST-30147,Regular
CUST-30148,Discount_Seeker
CUST-30149,VIP
CUST-30150,Regular
CUST-30151,Discount_Seeker
CUST-30152,Regular
CUST-30153,Discount_Seeker
CUST-30154,Regular
CUST-30155,Regular
CUST-30156,One_Time_Buyer
CUST-30157,Discount_Seeker
CUST-30158,Regular
CUST-30159,Discount_Seeker
CUST-30160,Discount_Seeker
CUST-30161,Discount_Seeker
CUST-30162,Regular
CUST-30163,One_Time_Buyer
CUST-30164,Regular
CUST-30165,Regular
CUST-30166,Regular
CUST-30167,VIP
CUST-30168,One_Time_Buyer
CUST-30169,Regular
CUST-30170,Regular
CUST-30171,One_Time_Buyer
CUST-30172,Regular
CUST-30173,VIP
CUST-30174,VIP
CUST-30175,Regular
CUST-30176,Regular
CUST-30177,Discount_Seeker
CUST-30178,Regular
CUST-30179,Regular
CUST-30180,Discount_Seeker
CUST-30181,Discount_Seeker
CUST-30182,Regular
CUST-30183,Discount_Seeker
CUST-30184,Regular
CUST-30185,Regular
CUST-30186,Discount_Seeker
CUST-30187,Regular
CUST-30188,One_Time_Buyer
CUST-30189,VIP
CUST-30190,Discount_Seeker
CUST-30191,Regular
CUST-30192,Discount_Seeker
CUST-30193,Discount_Seeker
CUST-30194,One_Time_Buyer
CUST-30195,VIP
CUST-30196,Discount_Seeker
CUST-30197,Discount_Seeker
CUST-30198,Discount_Seeker
CUST-30199,Discount_Seeker
CUST-30200,Discount_Seeker
CUST-30201,Regular
CUST-30202,Regular
CUST-30203,Regular
CUST-30204,Regular
CUST-30205,One_Time_Buyer
CUST-30206,Discount_Seeker
CUST-30207,One_Time_Buyer
CUST-30208,Regular
CUST-30209,One_Time_Buyer
CUST-30210,One_Time_Buyer
CUST-30211,Discount_Seeker
CUST-30212,Discount_Seeker
CUST-30213,Regular
CUST-30214,One_Time_Buyer
CUST-30215,Discount_Seeker
CUST-30216,VIP
CUST-30217,Regular
CUST-30218,One_Time_Buyer
CUST-30219,One_Time_Buyer
CUST-30220,One_Time_Buyer
CUST-30221,Discount_Seeker
CUST-30222,Regular
CUST-30223,Regular
CUST-30224,Regular
CUST-30225,VIP
CUST-30226,Regular
CUST-30227,Regular
CUST-30228,Regular
CUST-30229,One_Time_Buyer
CUST-30230,Regular
CUST-30231,One_Time_Buyer
CUST-30232,Discount_Seeker
CUST-30233,Regular
CUST-30234,Regular
CUST-30235,VIP
CUST-30236,Regular
CUST-30237,Discount_Seeker
CUST-30238,VIP
CUST-30239,Regular
CUST-30240,Regular
CUST-30241,One_Time_Buyer
CUST-30242,Discount_Seeker
CUST-30243,Discount_Seeker
CUST-30244,Regular
CUST-30245,Discount_Seeker
CUST-30246,Discount_Seeker
CUST-30247,Discount_Seeker
CUST-30248,One_Time_Buyer
CUST-30249,Regular
CUST-30250,One_Time_Buyer
CUST-30251,One_Time_Buyer
CUST-30252,VIP
CUST-30253,Regular
CUST-30254,One_Time_Buyer
CUST-30255,Regular
CUST-30256,Discount_Seeker
CUST-30257,One_Time_Buyer
CUST-30258,Discount_Seeker
CUST-30259,Regular
CUST-30260,Discount_Seeker
CUST-30261,Regular
CUST-30262,Discount_Seeker
CUST-30263,VIP
CUST-30264,Discount_Seeker
CUST-30265,Discount_Seeker
CUST-30266,Discount_Seeker
CUST-30267,Discount_Seeker
CUST-30268,Discount_Seeker
CUST-30269,Discount_Seeker
CUST-30270,Regular
CUST-30271,Discount_Seeker
CUST-30272,Regular
CUST-30273,One_Time_Buyer
CUST-30274,VIP
CUST-30275,Regular
CUST-30276,Discount_Seeker
CUST-30277,Regular
CUST-30278,VIP
CUST-30279,Discount_Seeker
CUST-30280,Discount_Seeker
CUST-30281,Discount_Seeker
CUST-30282,Regular
CUST-30283,Discount_Seeker
CUST-30284,Regular
CUST-30285,Discount_Seeker
CUST-30286,Discount_Seeker
CUST-30287,Discount_Seeker
CUST-30288,Regular
CUST-30289,VIP
CUST-30290,Regular
CUST-30291,Regular
CUST-30292,Regular
CUST-30293,Discount_Seeker
CUST-30294,Regular
CUST-30295,One_Time_Buyer
CUST-30296,VIP
CUST-30297,Discount_Seeker
CUST-30298,Discount_Seeker
CUST-30299,Regular
CUST-30300,VIP
CUST-30301,Discount_Seeker
CUST-30302,Regular
CUST-30303,One_Time_Buyer
CUST-30304,Discount_Seeker
CUST-30305,One_Time_Buyer
CUST-30306,Regular
CUST-30307,Discount_Seeker
CUST-30308,Discount_Seeker
CUST-30309,Discount_Seeker
CUST-30310,Regular
CUST-30311,Discount_Seeker
CUST-30312,Regular
CUST-30313,Discount_Seeker
CUST-30314,Regular
CUST-30315,One_Time_Buyer
CUST-30316,VIP
CUST-30317,One_Time_Buyer
CUST-30318,One_Time_Buyer
CUST-30319,One_Time_Buyer
CUST-30320,Discount_Seeker
CUST-30321,Regular
CUST-30322,One_Time_Buyer
CUST-30323,Regular
CUST-30324,Discount_Seeker
CUST-30325,Discount_Seeker
CUST-30326,Discount_Seeker
CUST-30327,Regular
CUST-30328,Discount_Seeker
CUST-30329,One_Time_Buyer
CUST-30330,VIP
CUST-30331,One_Time_Buyer
CUST-30332,VIP
CUST-30333,Regular
CUST-30334,VIP
CUST-30335,VIP
CUST-30336,One_Time_Buyer
CUST-30337,Regular
CUST-30338,Regular
CUST-30339,Regular
CUST-30340,Discount_Seeker
CUST-30341,Discount_Seeker
CUST-30342,Regular
CUST-30343,Regular
CUST-30344,One_Time_Buyer
CUST-30345,Regular
CUST-30346,Regular
CUST-30347,Regular
CUST-30348,Discount_Seeker
CUST-30349,Regular
CUST-30350,Discount_Seeker
CUST-30351,Regular
CUST-30352,One_Time_Buyer
CUST-30353,Regular
CUST-30354,Discount_Seeker
CUST-30355,Regular
CUST-30356,Regular
CUST-30357,Discount_Seeker
CUST-30358,Regular
CUST-30359,One_Time_Buyer
CUST-30360,One_Time_Buyer
CUST-30361,One_Time_Buyer
CUST-30362,VIP
CUST-30363,Discount_Seeker
CUST-30364,Regular
CUST-30365,One_Time_Buyer
CUST-30366,Discount_Seeker
CUST-30367,One_Time_Buyer
CUST-30368,Regular
CUST-30369,Discount_Seeker
CUST-30370,Regular
CUST-30371,Discount_Seeker
CUST-30372,Regular
CUST-30373,Discount_Seeker
CUST-30374,Discount_Seeker
CUST-30375,Discount_Seeker
CUST-30376,Regular
CUST-30377,Discount_Seeker
CUST-30378,Regular
CUST-30379,Regular
CUST-30380,VIP
CUST-30381,Regular
CUST-30382,Regular
CUST-30383,Discount_Seeker
CUST-30384,VIP
CUST-30385,Regular
CUST-30386,One_Time_Buyer
CUST-30387,Regular
CUST-30388,Discount_Seeker
CUST-30389,Discount_Seeker
CUST-30390,One_Time_Buyer
CUST-30391,Discount_Seeker
CUST-30392,Discount_Seeker
CUST-30393,One_Time_Buyer
CUST-30394,Regular
CUST-30395,One_Time_Buyer
CUST-30396,VIP
CUST-30397,One_Time_Buyer
CUST-30398,Regular
CUST-30399,Discount_Seeker
CUST-30400,Regular
CUST-30401,Discount_Seeker
CUST-30402,VIP
CUST-30403,One_Time_Buyer
CUST-30404,One_Time_Buyer
CUST-30405,Regular
CUST-30406,One_Time_Buyer
CUST-30407,Discount_Seeker
CUST-30408,Discount_Seeker
CUST-30409,Regular
CUST-30410,Regular
CUST-30411,Regular
CUST-30412,Regular
CUST-30413,One_Time_Buyer
CUST-30414,VIP
CUST-30415,One_Time_Buyer
CUST-30416,Regular
CUST-30417,Discount_Seeker
CUST-30418,Discount_Seeker
CUST-30419,One_Time_Buyer
CUST-30420,Regular
CUST-30421,Regular
CUST-30422,Regular
CUST-30423,VIP
CUST-30424,Regular
CUST-30425,Regular
CUST-30426,Regular
CUST-30427,Discount_Seeker
CUST-30428,Regular
CUST-30429,Regular
CUST-30430,Regular
CUST-30431,Discount_Seeker
CUST-30432,One_Time_Buyer
CUST-30433,Discount_Seeker
CUST-30434,Discount_Seeker
CUST-30435,Regular
CUST-30436,Discount_Seeker
CUST-30437,Regular
CUST-30438,Regular
CUST-30439,Discount_Seeker
CUST-30440,One_Time_Buyer
CUST-30441,Regular
CUST-30442,Discount_Seeker
CUST-30443,Discount_Seeker
CUST-30444,Regular
CUST-30445,Regular
CUST-30446,Regular
CUST-30447,Regular
CUST-30448,Regular
CUST-30449,Regular
CUST-30450,Regular
CUST-30451,Discount_Seeker
CUST-30452,Discount_Seeker
CUST-30453,One_Time_Buyer
CUST-30454,Regular
CUST-30455,Discount_Seeker
CUST-30456,One_Time_Buyer
CUST-30457,Discount_Seeker
CUST-30458,Regular
CUST-30459,Discount_Seeker
CUST-30460,Regular
CUST-30461,Regular
CUST-30462,Discount_Seeker
CUST-30463,Discount_Seeker
CUST-30464,VIP
CUST-30465,One_Time_Buyer
CUST-30466,Discount_Seeker
CUST-30467,Regular
CUST-30468,One_Time_Buyer
CUST-30469,Regular
CUST-30470,One_Time_Buyer
CUST-30471,Discount_Seeker
CUST-30472,Regular
CUST-30473,Discount_Seeker
CUST-30474,Discount_Seeker
CUST-30475,Discount_Seeker
CUST-30476,One_Time_Buyer
CUST-30477,Discount_Seeker
CUST-30478,Discount_Seeker
CUST-30479,One_Time_Buyer
CUST-30480,Discount_Seeker
CUST-30481,Regular
CUST-30482,One_Time_Buyer
CUST-30483,Regular
CUST-30484,Discount_Seeker
CUST-30485,One_Time_Buyer
CUST-30486,Discount_Seeker
CUST-30487,Discount_Seeker
CUST-30488,Discount_Seeker
CUST-30489,Regular
CUST-30490,One_Time_Buyer
CUST-30491,Regular
CUST-30492,Regular
CUST-30493,Regular
CUST-30494,Discount_Seeker
CUST-30495,Discount_Seeker
CUST-30496,One_Time_Buyer
CUST-30497,Regular
CUST-30498,Regular
CUST-30499,VIP
CUST-30500,Regular
CUST-30501,Discount_Seeker
CUST-30502,VIP
CUST-30503,Regular
CUST-30504,Regular
CUST-30505,VIP
CUST-30506,Regular
CUST-30507,Regular
CUST-30508,Discount_Seeker
CUST-30509,One_Time_Buyer
CUST-30510,Discount_Seeker
CUST-30511,One_Time_Buyer
CUST-30512,Regular
CUST-30513,Discount_Seeker
CUST-30514,One_Time_Buyer
CUST-30515,Regular
CUST-30516,One_Time_Buyer
CUST-30517,VIP
CUST-30518,Regular
CUST-30519,VIP
CUST-30520,Discount_Seeker
CUST-30521,Discount_Seeker
CUST-30522,Discount_Seeker
CUST-30523,Regular
CUST-30524,Regular
CUST-30525,VIP
CUST-30526,Regular
CUST-30527,One_Time_Buyer
CUST-30528,Regular
CUST-30529,One_Time_Buyer
CUST-30530,One_Time_Buyer
CUST-30531,Regular
CUST-30532,Discount_Seeker
CUST-30533,VIP
CUST-30534,Regular
CUST-30535,VIP
CUST-30536,Discount_Seeker
CUST-30537,Regular
CUST-30538,Discount_Seeker
CUST-30539,Discount_Seeker
CUST-30540,Regular
CUST-30541,Discount_Seeker
CUST-30542,Discount_Seeker
CUST-30543,VIP
CUST-30544,Regular
CUST-30545,Discount_Seeker
CUST-30546,Regular
CUST-30547,Discount_Seeker
CUST-30548,Regular
CUST-30549,Regular
CUST-30550,Regular
CUST-30551,Regular
CUST-30552,Discount_Seeker
CUST-30553,Regular
CUST-30554,Discount_Seeker
CUST-30555,One_Time_Buyer
CUST-30556,Discount_Seeker
CUST-30557,Discount_Seeker
CUST-30558,Regular
CUST-30559,Regular
CUST-30560,Discount_Seeker
CUST-30561,Regular
CUST-30562,Discount_Seeker
CUST-30563,Regular
CUST-30564,Discount_Seeker
CUST-30565,One_Time_Buyer
CUST-30566,One_Time_Buyer
CUST-30567,Discount_Seeker
CUST-30568,Discount_Seeker
CUST-30569,Discount_Seeker
CUST-30570,Discount_Seeker
CUST-30571,Regular
CUST-30572,Regular
CUST-30573,Regular
CUST-30574,One_Time_Buyer
CUST-30575,Regular
CUST-30576,Discount_Seeker
CUST-30577,Discount_Seeker
CUST-30578,Discount_Seeker
CUST-30579,Discount_Seeker
CUST-30580,Regular
CUST-30581,Discount_Seeker
CUST-30582,One_Time_Buyer
CUST-30583,Regular
CUST-30584,Regular
CUST-30585,Discount_Seeker
CUST-30586,One_Time_Buyer
CUST-30587,VIP
CUST-30588,Discount_Seeker
CUST-30589,One_Time_Buyer
CUST-30590,Regular
CUST-30591,One_Time_Buyer
CUST-30592,Discount_Seeker
CUST-30593,Discount_Seeker
CUST-30594,Discount_Seeker
CUST-30595,Regular
CUST-30596,Regular
CUST-30597,Regular
CUST-30598,Regular
CUST-30599,Regular
CUST-30600,One_Time_Buyer
CUST-30601,One_Time_Buyer
CUST-30602,Discount_Seeker
CUST-30603,One_Time_Buyer
CUST-30604,Discount_Seeker
CUST-30605,Regular
CUST-30606,Regular
CUST-30607,Discount_Seeker
CUST-30608,Discount_Seeker
CUST-30609,Regular
CUST-30610,Discount_Seeker
CUST-30611,VIP
CUST-30612,Discount_Seeker
CUST-30613,One_Time_Buyer
CUST-30614,Discount_Seeker
CUST-30615,One_Time_Buyer
CUST-30616,One_Time_Buyer
CUST-30617,One_Time_Buyer
CUST-30618,One_Time_Buyer
CUST-30619,One_Time_Buyer
CUST-30620,Discount_Seeker
CUST-30621,VIP
CUST-30622,Regular
CUST-30623,Discount_Seeker
CUST-30624,Regular
CUST-30625,Regular
CUST-30626,One_Time_Buyer
CUST-30627,One_Time_Buyer
CUST-30628,One_Time_Buyer
CUST-30629,Regular
CUST-30630,VIP
CUST-30631,VIP
CUST-30632,Regular
CUST-30633,VIP
CUST-30634,VIP
CUST-30635,One_Time_Buyer
CUST-30636,Discount_Seeker
CUST-30637,Regular
CUST-30638,Regular
CUST-30639,Discount_Seeker
CUST-30640,VIP
CUST-30641,One_Time_Buyer
CUST-30642,Regular
CUST-30643,Regular
CUST-30644,Regular
CUST-30645,VIP
CUST-30646,Discount_Seeker
CUST-30647,Discount_Seeker
CUST-30648,Discount_Seeker
CUST-30649,Regular
CUST-30650,Discount_Seeker
CUST-30651,Discount_Seeker
CUST-30652,One_Time_Buyer
CUST-30653,Regular
CUST-30654,Regular
CUST-30655,Discount_Seeker
CUST-30656,Discount_Seeker
CUST-30657,Regular
CUST-30658,Regular
CUST-30659,Regular
CUST-30660,One_Time_Buyer
CUST-30661,Regular
CUST-30662,One_Time_Buyer
CUST-30663,Discount_Seeker
CUST-30664,One_Time_Buyer
CUST-30665,One_Time_Buyer
CUST-30666,Regular
CUST-30667,One_Time_Buyer
CUST-30668,Regular
CUST-30669,One_Time_Buyer
CUST-30670,Discount_Seeker
CUST-30671,VIP
CUST-30672,Discount_Seeker
CUST-30673,One_Time_Buyer
CUST-30674,VIP
CUST-30675,Discount_Seeker
CUST-30676,Discount_Seeker
CUST-30677,One_Time_Buyer
CUST-30678,Regular
CUST-30679,Regular
CUST-30680,VIP
CUST-30681,Discount_Seeker
CUST-30682,Regular
CUST-30683,One_Time_Buyer
CUST-30684,VIP
CUST-30685,Discount_Seeker
CUST-30686,VIP
CUST-30687,Regular
CUST-30688,Regular
CUST-30689,Regular
CUST-30690,Discount_Seeker
CUST-30691,One_Time_Buyer
CUST-30692,Discount_Seeker
CUST-30693,One_Time_Buyer
CUST-30694,One_Time_Buyer
CUST-30695,Discount_Seeker
CUST-30696,One_Time_Buyer
CUST-30697,Discount_Seeker
CUST-30698,VIP
CUST-30699,Discount_Seeker
CUST-30700,VIP
CUST-30701,Discount_Seeker
CUST-30702,Discount_Seeker
CUST-30703,VIP
CUST-30704,Regular
CUST-30705,One_Time_Buyer
CUST-30706,Discount_Seeker
CUST-30707,Regular
CUST-30708,Discount_Seeker
CUST-30709,Discount_Seeker
CUST-30710,Discount_Seeker
CUST-30711,One_Time_Buyer
CUST-30712,Discount_Seeker
CUST-30713,Regular
CUST-30714,One_Time_Buyer
CUST-30715,One_Time_Buyer
CUST-30716,Regular
CUST-30717,Regular
CUST-30718,Regular
CUST-30719,Discount_Seeker
CUST-30720,Discount_Seeker
CUST-30721,Discount_Seeker
CUST-30722,One_Time_Buyer
CUST-30723,Discount_Seeker
CUST-30724,Regular
CUST-30725,Regular
CUST-30726,Regular
CUST-30727,Regular
CUST-30728,Discount_Seeker
CUST-30729,One_Time_Buyer
CUST-30730,Regular
CUST-30731,Discount_Seeker
CUST-30732,Discount_Seeker
CUST-30733,Regular
CUST-30734,Regular
CUST-30735,Regular
CUST-30736,VIP
CUST-30737,One_Time_Buyer
CUST-30738,VIP
CUST-30739,Regular
CUST-30740,Discount_Seeker
CUST-30741,One_Time_Buyer
CUST-30742,Regular
CUST-30743,Regular
CUST-30744,VIP
CUST-30745,Regular
CUST-30746,Regular
CUST-30747,Discount_Seeker
CUST-30748,Regular
CUST-30749,VIP
CUST-30750,One_Time_Buyer
CUST-30751,Regular
CUST-30752,Regular
CUST-30753,Regular
CUST-30754,One_Time_Buyer
CUST-30755,Regular
CUST-30756,One_Time_Buyer
CUST-30757,Discount_Seeker
CUST-30758,VIP
CUST-30759,One_Time_Buyer
CUST-30760,Regular
CUST-30761,VIP
CUST-30762,One_Time_Buyer
CUST-30763,Discount_Seeker
CUST-30764,Discount_Seeker
CUST-30765,Regular
CUST-30766,Regular
CUST-30767,Discount_Seeker
CUST-30768,Regular
CUST-30769,Regular
CUST-30770,VIP
CUST-30771,Regular
CUST-30772,One_Time_Buyer
CUST-30773,Regular
CUST-30774,One_Time_Buyer
CUST-30775,Regular
CUST-30776,Discount_Seeker
CUST-30777,Regular
CUST-30778,Regular
CUST-30779,Regular
CUST-30780,Regular
CUST-30781,Discount_Seeker
CUST-30782,One_Time_Buyer
CUST-30783,Discount_Seeker
CUST-30784,Regular
CUST-30785,VIP
CUST-30786,Regular
CUST-30787,Discount_Seeker
CUST-30788,Discount_Seeker
CUST-30789,One_Time_Buyer
CUST-30790,VIP
CUST-30791,Discount_Seeker
CUST-30792,Regular
CUST-30793,Discount_Seeker
CUST-30794,Discount_Seeker
CUST-30795,Discount_Seeker
CUST-30796,Discount_Seeker
CUST-30797,Regular
CUST-30798,Discount_Seeker
CUST-30799,Regular
CUST-30800,Discount_Seeker
CUST-30801,Regular
CUST-30802,Discount_Seeker
CUST-30803,One_Time_Buyer
CUST-30804,One_Time_Buyer
CUST-30805,One_Time_Buyer
CUST-30806,Discount_Seeker
CUST-30807,Discount_Seeker
CUST-30808,Discount_Seeker
CUST-30809,One_Time_Buyer
CUST-30810,Regular
CUST-30811,One_Time_Buyer
CUST-30812,One_Time_Buyer
CUST-30813,Discount_Seeker
CUST-30814,Regular
CUST-30815,Regular
CUST-30816,One_Time_Buyer
CUST-30817,Regular
CUST-30818,One_Time_Buyer
CUST-30819,Regular
CUST-30820,Regular
CUST-30821,One_Time_Buyer
CUST-30822,Discount_Seeker
CUST-30823,Discount_Seeker
CUST-30824,Discount_Seeker
CUST-30825,Regular
CUST-30826,Discount_Seeker
CUST-30827,Regular
CUST-30828,One_Time_Buyer
CUST-30829,One_Time_Buyer
CUST-30830,Regular
CUST-30831,Discount_Seeker
CUST-30832,Discount_Seeker
CUST-30833,Regular
CUST-30834,One_Time_Buyer
CUST-30835,VIP
CUST-30836,Regular
CUST-30837,Discount_Seeker
CUST-30838,Discount_Seeker
CUST-30839,Discount_Seeker
CUST-30840,Discount_Seeker
CUST-30841,Discount_Seeker
CUST-30842,Discount_Seeker
CUST-30843,VIP
CUST-30844,Regular
CUST-30845,Regular
CUST-30846,Regular
CUST-30847,Discount_Seeker
CUST-30848,Regular
CUST-30849,Regular
CUST-30850,Regular
CUST-30851,One_Time_Buyer
CUST-30852,One_Time_Buyer
CUST-30853,Discount_Seeker
CUST-30854,One_Time_Buyer
CUST-30855,Discount_Seeker
CUST-30856,Discount_Seeker
CUST-30857,VIP
CUST-30858,Discount_Seeker
CUST-30859,Discount_Seeker
CUST-30860,Discount_Seeker
CUST-30861,Discount_Seeker
CUST-30862,Discount_Seeker
CUST-30863,Discount_Seeker
CUST-30864,One_Time_Buyer
CUST-30865,Regular
CUST-30866,Discount_Seeker
CUST-30867,Regular
CUST-30868,Discount_Seeker
CUST-30869,Discount_Seeker
CUST-30870,VIP
CUST-30871,Discount_Seeker
CUST-30872,Regular
CUST-30873,Discount_Seeker
CUST-30874,Regular
CUST-30875,Discount_Seeker
CUST-30876,Regular
CUST-30877,Discount_Seeker
CUST-30878,Regular
CUST-30879,One_Time_Buyer
CUST-30880,One_Time_Buyer
CUST-30881,One_Time_Buyer
CUST-30882,Discount_Seeker
CUST-30883,Discount_Seeker
CUST-30884,Regular
CUST-30885,Regular
CUST-30886,Regular
CUST-30887,Discount_Seeker
CUST-30888,One_Time_Buyer
CUST-30889,Regular
CUST-30890,One_Time_Buyer
CUST-30891,Discount_Seeker
CUST-30892,Discount_Seeker
CUST-30893,Regular
CUST-30894,VIP
CUST-30895,Discount_Seeker
CUST-30896,Discount_Seeker
CUST-30897,Regular
CUST-30898,Discount_Seeker
CUST-30899,One_Time_Buyer
CUST-30900,One_Time_Buyer
CUST-30901,One_Time_Buyer
CUST-30902,Regular
CUST-30903,Regular
CUST-30904,Discount_Seeker
CUST-30905,Regular
CUST-30906,VIP
CUST-30907,Regular
CUST-30908,Regular
CUST-30909,Regular
CUST-30910,Regular
CUST-30911,Regular
CUST-30912,VIP
CUST-30913,Discount_Seeker
CUST-30914,Discount_Seeker
CUST-30915,Discount_Seeker
CUST-30916,Regular
CUST-30917,Regular
CUST-30918,Discount_Seeker
CUST-30919,Discount_Seeker
CUST-30920,Discount_Seeker
CUST-30921,Regular
CUST-30922,One_Time_Buyer
CUST-30923,Regular
CUST-30924,Regular
CUST-30925,Discount_Seeker
CUST-30926,Discount_Seeker
CUST-30927,Regular
CUST-30928,Regular
CUST-30929,Discount_Seeker
CUST-30930,Regular
CUST-30931,Regular
CUST-30932,Regular
CUST-30933,One_Time_Buyer
CUST-30934,VIP
CUST-30935,One_Time_Buyer
CUST-30936,Discount_Seeker
CUST-30937,One_Time_Buyer
CUST-30938,One_Time_Buyer
CUST-30939,Regular
CUST-30940,Regular
CUST-30941,Regular
CUST-30942,Regular
CUST-30943,Discount_Seeker
CUST-30944,Regular
CUST-30945,Regular
CUST-30946,Regular
CUST-30947,One_Time_Buyer
CUST-30948,Regular
CUST-30949,VIP
CUST-30950,VIP
CUST-30951,One_Time_Buyer
CUST-30952,Discount_Seeker
CUST-30953,Regular
CUST-30954,Regular
CUST-30955,Regular
CUST-30956,Regular
CUST-30957,One_Time_Buyer
CUST-30958,Discount_Seeker
CUST-30959,Regular
CUST-30960,One_Time_Buyer
CUST-30961,Regular
CUST-30962,Discount_Seeker
CUST-30963,One_Time_Buyer
CUST-30964,Regular
CUST-30965,Discount_Seeker
CUST-30966,Regular
CUST-30967,Regular
CUST-30968,Regular
CUST-30969,Regular
CUST-30970,Discount_Seeker
CUST-30971,One_Time_Buyer
CUST-30972,Discount_Seeker
CUST-30973,One_Time_Buyer
CUST-30974,One_Time_Buyer
CUST-30975,Regular
CUST-30976,Regular
CUST-30977,Regular
CUST-30978,Discount_Seeker
CUST-30979,One_Time_Buyer
CUST-30980,Regular
CUST-30981,Discount_Seeker
CUST-30982,Discount_Seeker
CUST-30983,Discount_Seeker
CUST-30984,Regular
CUST-30985,Regular
CUST-30986,VIP
CUST-30987,Regular
CUST-30988,VIP
CUST-30989,Discount_Seeker
CUST-30990,Regular
CUST-30991,One_Time_Buyer
CUST-30992,Discount_Seeker
CUST-30993,Discount_Seeker
CUST-30994,Regular
CUST-30995,Discount_Seeker
CUST-30996,One_Time_Buyer
CUST-30997,VIP
CUST-30998,Regular
CUST-30999,Discount_Seeker
CUST-31000,VIP
CUST-31001,VIP
CUST-31002,Regular
CUST-31003,VIP
CUST-31004,Discount_Seeker
CUST-31005,Regular
CUST-31006,One_Time_Buyer
CUST-31007,Discount_Seeker
CUST-31008,Discount_Seeker
CUST-31009,Discount_Seeker
CUST-31010,One_Time_Buyer
CUST-31011,Regular
CUST-31012,One_Time_Buyer
CUST-31013,Discount_Seeker
CUST-31014,Discount_Seeker
CUST-31015,Discount_Seeker
CUST-31016,Regular
CUST-31017,Regular
CUST-31018,Discount_Seeker
CUST-31019,VIP
CUST-31020,Discount_Seeker
CUST-31021,Regular
CUST-31022,Regular
CUST-31023,Regular
CUST-31024,VIP
CUST-31025,Discount_Seeker
CUST-31026,Regular
CUST-31027,One_Time_Buyer
CUST-31028,Discount_Seeker
CUST-31029,Regular
CUST-31030,Discount_Seeker
CUST-31031,One_Time_Buyer
CUST-31032,Discount_Seeker
CUST-31033,VIP
CUST-31034,One_Time_Buyer
CUST-31035,Discount_Seeker
CUST-31036,Regular
CUST-31037,VIP
CUST-31038,Discount_Seeker
CUST-31039,Regular
CUST-31040,One_Time_Buyer
CUST-31041,Regular
CUST-31042,One_Time_Buyer
CUST-31043,Discount_Seeker
CUST-31044,Regular
CUST-31045,Regular
CUST-31046,Discount_Seeker
CUST-31047,Discount_Seeker
CUST-31048,Discount_Seeker
CUST-31049,Regular
CUST-31050,Regular
CUST-31051,VIP
CUST-31052,Discount_Seeker
CUST-31053,VIP
CUST-31054,Regular
CUST-31055,Discount_Seeker
CUST-31056,One_Time_Buyer
CUST-31057,Regular
CUST-31058,Regular
CUST-31059,Discount_Seeker
CUST-31060,Discount_Seeker
CUST-31061,Regular
CUST-31062,One_Time_Buyer
CUST-31063,One_Time_Buyer
CUST-31064,Regular
CUST-31065,Regular
CUST-31066,Discount_Seeker
CUST-31067,Discount_Seeker
CUST-31068,VIP
CUST-31069,Discount_Seeker
CUST-31070,Discount_Seeker
CUST-31071,Regular
CUST-31072,Discount_Seeker
CUST-31073,One_Time_Buyer
CUST-31074,VIP
CUST-31075,Regular
CUST-31076,Regular
CUST-31077,One_Time_Buyer
CUST-31078,One_Time_Buyer
CUST-31079,Regular
CUST-31080,Discount_Seeker
CUST-31081,Discount_Seeker
CUST-31082,Discount_Seeker
CUST-31083,Regular
CUST-31084,Regular
CUST-31085,Regular
CUST-31086,Discount_Seeker
CUST-31087,VIP
CUST-31088,One_Time_Buyer
CUST-31089,Regular
CUST-31090,Regular
CUST-31091,Discount_Seeker
CUST-31092,Discount_Seeker
CUST-31093,VIP
CUST-31094,Regular
CUST-31095,One_Time_Buyer
CUST-31096,Regular
CUST-31097,Regular
CUST-31098,One_Time_Buyer
CUST-31099,VIP
CUST-31100,Regular
CUST-31101,Regular
CUST-31102,Regular
CUST-31103,Regular
CUST-31104,VIP
CUST-31105,Regular
CUST-31106,VIP
CUST-31107,Discount_Seeker
CUST-31108,Regular
CUST-31109,Regular
CUST-31110,One_Time_Buyer
CUST-31111,Discount_Seeker
CUST-31112,VIP
CUST-31113,One_Time_Buyer
CUST-31114,Regular
CUST-31115,Regular
CUST-31116,Discount_Seeker
CUST-31117,Discount_Seeker
CUST-31118,Regular
CUST-31119,Regular
CUST-31120,Discount_Seeker
CUST-31121,Regular
CUST-31122,One_Time_Buyer
CUST-31123,Regular
CUST-31124,One_Time_Buyer
CUST-31125,Discount_Seeker
CUST-31126,One_Time_Buyer
CUST-31127,Discount_Seeker
CUST-31128,Discount_Seeker
CUST-31129,Regular
CUST-31130,Regular
CUST-31131,Regular
CUST-31132,One_Time_Buyer
CUST-31133,One_Time_Buyer
CUST-31134,Regular
CUST-31135,Regular
CUST-31136,Regular
CUST-31137,Discount_Seeker
CUST-31138,Regular
CUST-31139,Discount_Seeker
CUST-31140,One_Time_Buyer
CUST-31141,Regular
CUST-31142,Regular
CUST-31143,Regular
CUST-31144,Regular
CUST-31145,Regular
CUST-31146,VIP
CUST-31147,One_Time_Buyer
CUST-31148,Regular
CUST-31149,Regular
CUST-31150,One_Time_Buyer
CUST-31151,Discount_Seeker
CUST-31152,Regular
CUST-31153,Discount_Seeker
CUST-31154,Regular
CUST-31155,Discount_Seeker
CUST-31156,Discount_Seeker
CUST-31157,Discount_Seeker
CUST-31158,Regular
CUST-31159,One_Time_Buyer
CUST-31160,VIP
CUST-31161,Regular
CUST-31162,Regular
CUST-31163,VIP
CUST-31164,Regular
CUST-31165,One_Time_Buyer
CUST-31166,One_Time_Buyer
CUST-31167,Regular
CUST-31168,Regular
CUST-31169,Regular
CUST-31170,Regular
CUST-31171,VIP
CUST-31172,One_Time_Buyer
CUST-31173,Regular
CUST-31174,Regular
CUST-31175,VIP
CUST-31176,One_Time_Buyer
CUST-31177,Discount_Seeker
CUST-31178,One_Time_Buyer
CUST-31179,Discount_Seeker
CUST-31180,Regular
CUST-31181,Regular
CUST-31182,Discount_Seeker
CUST-31183,Regular
CUST-31184,Discount_Seeker
CUST-31185,VIP
CUST-31186,VIP
CUST-31187,Discount_Seeker
CUST-31188,Discount_Seeker
CUST-31189,Discount_Seeker
CUST-31190,Regular
CUST-31191,Discount_Seeker
CUST-31192,Regular
CUST-31193,VIP
CUST-31194,Regular
CUST-31195,Regular
CUST-31196,Regular
CUST-31197,Regular
CUST-31198,Regular
CUST-31199,VIP
CUST-31200,VIP
CUST-31201,Regular
CUST-31202,VIP
CUST-31203,Discount_Seeker
CUST-31204,Regular
CUST-31205,Regular
CUST-31206,Regular
CUST-31207,Discount_Seeker
CUST-31208,One_Time_Buyer
CUST-31209,Discount_Seeker
CUST-31210,Discount_Seeker
CUST-31211,Regular
CUST-31212,Discount_Seeker
CUST-31213,Discount_Seeker
CUST-31214,Regular
CUST-31215,Regular
CUST-31216,Regular
CUST-31217,One_Time_Buyer
CUST-31218,Discount_Seeker
CUST-31219,Discount_Seeker
CUST-31220,Regular
CUST-31221,Regular
CUST-31222,Regular
CUST-31223,Regular
CUST-31224,One_Time_Buyer
CUST-31225,Discount_Seeker
CUST-31226,Regular
CUST-31227,One_Time_Buyer
CUST-31228,Regular
CUST-31229,One_Time_Buyer
CUST-31230,Regular
CUST-31231,Regular
CUST-31232,Regular
CUST-31233,Regular
CUST-31234,Regular
CUST-31235,Discount_Seeker
CUST-31236,One_Time_Buyer
CUST-31237,Discount_Seeker
CUST-31238,Regular
CUST-31239,Discount_Seeker
CUST-31240,Regular
CUST-31241,VIP
CUST-31242,Discount_Seeker
CUST-31243,Discount_Seeker
CUST-31244,VIP
CUST-31245,VIP
CUST-31246,One_Time_Buyer
CUST-31247,VIP
CUST-31248,Regular
CUST-31249,Discount_Seeker
CUST-31250,Regular
CUST-31251,Regular
CUST-31252,Regular
CUST-31253,Discount_Seeker
CUST-31254,Discount_Seeker
CUST-31255,Discount_Seeker
CUST-31256,One_Time_Buyer
CUST-31257,Discount_Seeker
CUST-31258,Regular
CUST-31259,Regular
CUST-31260,Discount_Seeker
CUST-31261,Discount_Seeker
CUST-31262,Discount_Seeker
CUST-31263,Discount_Seeker
CUST-31264,VIP
CUST-31265,Regular
CUST-31266,Regular
CUST-31267,Regular
CUST-31268,VIP
CUST-31269,Discount_Seeker
CUST-31270,Discount_Seeker
CUST-31271,Regular
CUST-31272,Regular
CUST-31273,Regular
CUST-31274,Regular
CUST-31275,Discount_Seeker
CUST-31276,Discount_Seeker
CUST-31277,Discount_Seeker
CUST-31278,Discount_Seeker
CUST-31279,Discount_Seeker
CUST-31280,VIP
CUST-31281,Regular
CUST-31282,VIP
CUST-31283,One_Time_Buyer
CUST-31284,Regular
CUST-31285,Regular
CUST-31286,One_Time_Buyer
CUST-31287,One_Time_Buyer
CUST-31288,Discount_Seeker
CUST-31289,VIP
CUST-31290,VIP
CUST-31291,Regular
CUST-31292,Regular
CUST-31293,VIP
CUST-31294,Regular
CUST-31295,One_Time_Buyer
CUST-31296,Regular
CUST-31297,Discount_Seeker
CUST-31298,Discount_Seeker
CUST-31299,Regular
CUST-31300,Discount_Seeker
CUST-31301,Regular
CUST-31302,Regular
CUST-31303,Discount_Seeker
CUST-31304,Regular
CUST-31305,One_Time_Buyer
CUST-31306,Regular
CUST-31307,Discount_Seeker
CUST-31308,Regular
CUST-31309,Regular
CUST-31310,VIP
CUST-31311,Discount_Seeker
CUST-31312,One_Time_Buyer
CUST-31313,One_Time_Buyer
CUST-31314,Regular
CUST-31315,Discount_Seeker
CUST-31316,Discount_Seeker
CUST-31317,Discount_Seeker
CUST-31318,Regular
CUST-31319,Discount_Seeker
CUST-31320,One_Time_Buyer
CUST-31321,Regular
CUST-31322,One_Time_Buyer
CUST-31323,Discount_Seeker
CUST-31324,Regular
CUST-31325,VIP
CUST-31326,Regular
CUST-31327,Discount_Seeker
CUST-31328,One_Time_Buyer
CUST-31329,Regular
CUST-31330,One_Time_Buyer
CUST-31331,One_Time_Buyer
CUST-31332,Regular
CUST-31333,One_Time_Buyer
CUST-31334,One_Time_Buyer
CUST-31335,Discount_Seeker
CUST-31336,Discount_Seeker
CUST-31337,One_Time_Buyer
CUST-31338,Discount_Seeker
CUST-31339,Regular
CUST-31340,One_Time_Buyer
CUST-31341,Discount_Seeker
CUST-31342,Discount_Seeker
CUST-31343,Regular
CUST-31344,Discount_Seeker
CUST-31345,VIP
CUST-31346,One_Time_Buyer
CUST-31347,Regular
CUST-31348,Regular
CUST-31349,Regular
CUST-31350,VIP
CUST-31351,Discount_Seeker
CUST-31352,One_Time_Buyer
CUST-31353,One_Time_Buyer
CUST-31354,Regular
CUST-31355,Regular
CUST-31356,One_Time_Buyer
CUST-31357,One_Time_Buyer
CUST-31358,Regular
CUST-31359,Regular
CUST-31360,Regular
CUST-31361,One_Time_Buyer
CUST-31362,Discount_Seeker
CUST-31363,Regular
CUST-31364,Regular
CUST-31365,One_Time_Buyer
CUST-31366,VIP
CUST-31367,Regular
CUST-31368,Discount_Seeker
CUST-31369,Regular
CUST-31370,VIP
CUST-31371,One_Time_Buyer
CUST-31372,One_Time_Buyer
CUST-31373,One_Time_Buyer
CUST-31374,One_Time_Buyer
CUST-31375,Discount_Seeker
CUST-31376,One_Time_Buyer
CUST-31377,Regular
CUST-31378,Discount_Seeker
CUST-31379,One_Time_Buyer
CUST-31380,Regular
CUST-31381,Regular
CUST-31382,Regular
CUST-31383,Regular
CUST-31384,VIP
CUST-31385,One_Time_Buyer
CUST-31386,One_Time_Buyer
CUST-31387,Regular
CUST-31388,VIP
CUST-31389,VIP
CUST-31390,One_Time_Buyer
CUST-31391,Regular
CUST-31392,Regular
CUST-31393,Regular
CUST-31394,Regular
CUST-31395,Regular
CUST-31396,One_Time_Buyer
CUST-31397,Discount_Seeker
CUST-31398,Discount_Seeker
CUST-31399,Regular
CUST-31400,Discount_Seeker
CUST-31401,Discount_Seeker
CUST-31402,Regular
CUST-31403,Discount_Seeker
CUST-31404,Regular
CUST-31405,One_Time_Buyer
CUST-31406,Regular
CUST-31407,One_Time_Buyer
CUST-31408,VIP
CUST-31409,Discount_Seeker
CUST-31410,Discount_Seeker
CUST-31411,Discount_Seeker
CUST-31412,Regular
CUST-31413,Regular
CUST-31414,Discount_Seeker
CUST-31415,Regular
CUST-31416,Regular
CUST-31417,Discount_Seeker
CUST-31418,Discount_Seeker
CUST-31419,Regular
CUST-31420,Regular
CUST-31421,Regular
CUST-31422,Discount_Seeker
CUST-31423,Discount_Seeker
CUST-31424,One_Time_Buyer
CUST-31425,One_Time_Buyer
CUST-31426,Regular
CUST-31427,VIP
CUST-31428,VIP
CUST-31429,Regular
CUST-31430,One_Time_Buyer
CUST-31431,Discount_Seeker
CUST-31432,Regular
CUST-31433,Regular
CUST-31434,Discount_Seeker
CUST-31435,Discount_Seeker
CUST-31436,Regular
CUST-31437,One_Time_Buyer
CUST-31438,Discount_Seeker
CUST-31439,Regular
CUST-31440,One_Time_Buyer
CUST-31441,VIP
CUST-31442,One_Time_Buyer
CUST-31443,One_Time_Buyer
CUST-31444,Discount_Seeker
CUST-31445,Discount_Seeker
CUST-31446,Regular
CUST-31447,One_Time_Buyer
CUST-31448,Discount_Seeker
CUST-31449,Discount_Seeker
CUST-31450,One_Time_Buyer
CUST-31451,One_Time_Buyer
CUST-31452,One_Time_Buyer
CUST-31453,Regular
CUST-31454,One_Time_Buyer
CUST-31455,Discount_Seeker
CUST-31456,One_Time_Buyer
CUST-31457,Discount_Seeker
CUST-31458,Regular
CUST-31459,Regular
CUST-31460,Discount_Seeker
CUST-31461,Discount_Seeker
CUST-31462,Regular
CUST-31463,Discount_Seeker
CUST-31464,Regular
CUST-31465,One_Time_Buyer
CUST-31466,Regular
CUST-31467,VIP
CUST-31468,Regular
CUST-31469,VIP
CUST-31470,Regular
CUST-31471,Regular
CUST-31472,Regular
CUST-31473,One_Time_Buyer
CUST-31474,One_Time_Buyer
CUST-31475,Regular
CUST-31476,One_Time_Buyer
CUST-31477,VIP
CUST-31478,Discount_Seeker
CUST-31479,Discount_Seeker
CUST-31480,Regular
CUST-31481,Regular
CUST-31482,Regular
CUST-31483,Regular
CUST-31484,Discount_Seeker
CUST-31485,Regular
CUST-31486,Regular
CUST-31487,Regular
CUST-31488,Regular
CUST-31489,Discount_Seeker
CUST-31490,Regular
CUST-31491,One_Time_Buyer
CUST-31492,Regular
CUST-31493,Regular
CUST-31494,Discount_Seeker
CUST-31495,VIP
CUST-31496,Discount_Seeker
CUST-31497,Discount_Seeker
CUST-31498,Regular
CUST-31499,VIP
CUST-31500,Regular
CUST-31501,VIP
CUST-31502,Regular
CUST-31503,Regular
CUST-31504,Regular
CUST-31505,Discount_Seeker
CUST-31506,Discount_Seeker
CUST-31507,Discount_Seeker
CUST-31508,Regular
CUST-31509,Regular
CUST-31510,One_Time_Buyer
CUST-31511,Discount_Seeker
CUST-31512,One_Time_Buyer
CUST-31513,Regular
CUST-31514,Discount_Seeker
CUST-31515,Discount_Seeker
CUST-31516,Regular
CUST-31517,Regular
CUST-31518,Discount_Seeker
CUST-31519,Regular
CUST-31520,Regular
CUST-31521,Discount_Seeker
CUST-31522,One_Time_Buyer
CUST-31523,Regular
CUST-31524,Regular
CUST-31525,Regular
CUST-31526,Discount_Seeker
CUST-31527,Regular
CUST-31528,One_Time_Buyer
CUST-31529,Regular
CUST-31530,Regular
CUST-31531,Discount_Seeker
CUST-31532,One_Time_Buyer
CUST-31533,Regular
CUST-31534,Regular
CUST-31535,One_Time_Buyer
CUST-31536,VIP
CUST-31537,One_Time_Buyer
CUST-31538,Regular
CUST-31539,Discount_Seeker
CUST-31540,Discount_Seeker
CUST-31541,Regular
CUST-31542,One_Time_Buyer
CUST-31543,VIP
CUST-31544,Regular
CUST-31545,Discount_Seeker
CUST-31546,Regular
CUST-31547,Discount_Seeker
CUST-31548,VIP
CUST-31549,Regular
CUST-31550,Regular
CUST-31551,Regular
CUST-31552,Regular
CUST-31553,Discount_Seeker
CUST-31554,One_Time_Buyer
CUST-31555,One_Time_Buyer
CUST-31556,Regular
CUST-31557,Regular
CUST-31558,Regular
CUST-31559,Regular
CUST-31560,Discount_Seeker
CUST-31561,VIP
CUST-31562,Regular
CUST-31563,One_Time_Buyer
CUST-31564,Regular
CUST-31565,Regular
CUST-31566,VIP
CUST-31567,Regular
CUST-31568,One_Time_Buyer
CUST-31569,Regular
CUST-31570,Regular
CUST-31571,VIP
CUST-31572,Regular
CUST-31573,VIP
CUST-31574,One_Time_Buyer
CUST-31575,One_Time_Buyer
CUST-31576,Discount_Seeker
CUST-31577,Regular
CUST-31578,One_Time_Buyer
CUST-31579,Discount_Seeker
CUST-31580,Regular
CUST-31581,Discount_Seeker
CUST-31582,VIP
CUST-31583,Regular
CUST-31584,Discount_Seeker
CUST-31585,Regular
CUST-31586,Discount_Seeker
CUST-31587,Regular
CUST-31588,One_Time_Buyer
CUST-31589,One_Time_Buyer
CUST-31590,One_Time_Buyer
CUST-31591,Regular
CUST-31592,Regular
CUST-31593,Regular
CUST-31594,VIP
CUST-31595,VIP
CUST-31596,Discount_Seeker
CUST-31597,Discount_Seeker
CUST-31598,One_Time_Buyer
CUST-31599,Regular
CUST-31600,Regular
CUST-31601,Regular
CUST-31602,One_Time_Buyer
CUST-31603,Discount_Seeker
CUST-31604,One_Time_Buyer
CUST-31605,One_Time_Buyer
CUST-31606,Discount_Seeker
CUST-31607,Regular
CUST-31608,Regular
CUST-31609,Discount_Seeker
CUST-31610,Regular
CUST-31611,Regular
CUST-31612,One_Time_Buyer
CUST-31613,One_Time_Buyer
CUST-31614,Discount_Seeker
CUST-31615,Discount_Seeker
CUST-31616,Discount_Seeker
CUST-31617,Regular
CUST-31618,VIP
CUST-31619,Discount_Seeker
CUST-31620,Discount_Seeker
CUST-31621,VIP
CUST-31622,One_Time_Buyer
CUST-31623,VIP
CUST-31624,Regular
CUST-31625,Discount_Seeker
CUST-31626,Regular
CUST-31627,VIP
CUST-31628,Regular
CUST-31629,Discount_Seeker
CUST-31630,Regular
CUST-31631,Discount_Seeker
CUST-31632,Discount_Seeker
CUST-31633,VIP
CUST-31634,One_Time_Buyer
CUST-31635,VIP
CUST-31636,One_Time_Buyer
CUST-31637,Discount_Seeker
CUST-31638,One_Time_Buyer
CUST-31639,Regular
CUST-31640,Regular
CUST-31641,Regular
CUST-31642,VIP
CUST-31643,Discount_Seeker
CUST-31644,Regular
CUST-31645,Discount_Seeker
CUST-31646,Regular
CUST-31647,Regular
CUST-31648,Discount_Seeker
CUST-31649,Regular
CUST-31650,Discount_Seeker
CUST-31651,Discount_Seeker
CUST-31652,One_Time_Buyer
CUST-31653,Regular
CUST-31654,Discount_Seeker
CUST-31655,One_Time_Buyer
CUST-31656,Discount_Seeker
CUST-31657,Regular
CUST-31658,Discount_Seeker
CUST-31659,Discount_Seeker
CUST-31660,Discount_Seeker
CUST-31661,VIP
CUST-31662,Regular
CUST-31663,One_Time_Buyer
CUST-31664,Regular
CUST-31665,Discount_Seeker
CUST-31666,Regular
CUST-31667,Discount_Seeker
CUST-31668,VIP
CUST-31669,Regular
CUST-31670,One_Time_Buyer
CUST-31671,One_Time_Buyer
CUST-31672,Discount_Seeker
CUST-31673,Regular
CUST-31674,Discount_Seeker
CUST-31675,Discount_Seeker
CUST-31676,Discount_Seeker
CUST-31677,VIP
CUST-31678,Discount_Seeker
CUST-31679,Discount_Seeker
CUST-31680,One_Time_Buyer
CUST-31681,VIP
CUST-31682,Discount_Seeker
CUST-31683,Discount_Seeker
CUST-31684,Regular
CUST-31685,Regular
CUST-31686,Regular
CUST-31687,Regular
CUST-31688,Regular
CUST-31689,Discount_Seeker
CUST-31690,Discount_Seeker
CUST-31691,Discount_Seeker
CUST-31692,One_Time_Buyer
CUST-31693,Regular
CUST-31694,Regular
CUST-31695,Discount_Seeker
CUST-31696,Regular
CUST-31697,Regular
CUST-31698,Regular
CUST-31699,VIP
CUST-31700,One_Time_Buyer
CUST-31701,Regular
CUST-31702,Regular
CUST-31703,VIP
CUST-31704,Discount_Seeker
CUST-31705,Regular
CUST-31706,Discount_Seeker
CUST-31707,Regular
CUST-31708,Regular
CUST-31709,Discount_Seeker
CUST-31710,Regular
CUST-31711,Regular
CUST-31712,Regular
CUST-31713,One_Time_Buyer
CUST-31714,VIP
CUST-31715,Discount_Seeker
CUST-31716,Regular
CUST-31717,Regular
CUST-31718,Regular
CUST-31719,One_Time_Buyer
CUST-31720,Regular
CUST-31721,VIP
CUST-31722,Regular
CUST-31723,Regular
CUST-31724,Regular
CUST-31725,Discount_Seeker
CUST-31726,VIP
CUST-31727,VIP
CUST-31728,Discount_Seeker
CUST-31729,Regular
CUST-31730,Regular
CUST-31731,Regular
CUST-31732,Discount_Seeker
CUST-31733,Regular
CUST-31734,Regular
CUST-31735,Regular
CUST-31736,Discount_Seeker
CUST-31737,Regular
CUST-31738,Discount_Seeker
CUST-31739,One_Time_Buyer
CUST-31740,Discount_Seeker
CUST-31741,Regular
CUST-31742,Regular
CUST-31743,Regular
CUST-31744,Regular
CUST-31745,Regular
CUST-31746,Discount_Seeker
CUST-31747,Regular
CUST-31748,Regular
CUST-31749,Discount_Seeker
CUST-31750,Discount_Seeker
CUST-31751,VIP
CUST-31752,One_Time_Buyer
CUST-31753,Regular
CUST-31754,Discount_Seeker
CUST-31755,Discount_Seeker
CUST-31756,Discount_Seeker
CUST-31757,Discount_Seeker
CUST-31758,VIP
CUST-31759,Regular
CUST-31760,Discount_Seeker
CUST-31761,Regular
CUST-31762,One_Time_Buyer
CUST-31763,Regular
CUST-31764,Regular
CUST-31765,Regular
CUST-31766,Regular
CUST-31767,Discount_Seeker
CUST-31768,Discount_Seeker
CUST-31769,Discount_Seeker
CUST-31770,One_Time_Buyer
CUST-31771,One_Time_Buyer
CUST-31772,One_Time_Buyer
CUST-31773,VIP
CUST-31774,Discount_Seeker
CUST-31775,Regular
CUST-31776,Regular
CUST-31777,Discount_Seeker
CUST-31778,Regular
CUST-31779,VIP
CUST-31780,Regular
CUST-31781,VIP
CUST-31782,One_Time_Buyer
CUST-31783,VIP
CUST-31784,Regular
CUST-31785,Regular
CUST-31786,Regular
CUST-31787,One_Time_Buyer
CUST-31788,VIP
CUST-31789,Discount_Seeker
CUST-31790,Discount_Seeker
CUST-31791,One_Time_Buyer
CUST-31792,Discount_Seeker
CUST-31793,One_Time_Buyer
CUST-31794,VIP
CUST-31795,Regular
CUST-31796,Regular
CUST-31797,One_Time_Buyer
CUST-31798,Regular
CUST-31799,Regular
CUST-31800,Regular
CUST-31801,VIP
CUST-31802,Regular
CUST-31803,One_Time_Buyer
CUST-31804,Regular
CUST-31805,Discount_Seeker
CUST-31806,Discount_Seeker
CUST-31807,Regular
CUST-31808,Regular
CUST-31809,Regular
CUST-31810,Regular
CUST-31811,Discount_Seeker
CUST-31812,Regular
CUST-31813,VIP
CUST-31814,Discount_Seeker
CUST-31815,One_Time_Buyer
CUST-31816,One_Time_Buyer
CUST-31817,One_Time_Buyer
CUST-31818,Discount_Seeker
CUST-31819,Regular
CUST-31820,Discount_Seeker
CUST-31821,Regular
CUST-31822,Discount_Seeker
CUST-31823,Discount_Seeker
CUST-31824,VIP
CUST-31825,Discount_Seeker
CUST-31826,One_Time_Buyer
CUST-31827,Regular
CUST-31828,One_Time_Buyer
CUST-31829,VIP
CUST-31830,Discount_Seeker
CUST-31831,Regular
CUST-31832,Discount_Seeker
CUST-31833,One_Time_Buyer
CUST-31834,One_Time_Buyer
CUST-31835,Discount_Seeker
CUST-31836,Regular
CUST-31837,One_Time_Buyer
CUST-31838,VIP
CUST-31839,One_Time_Buyer
CUST-31840,Regular
CUST-31841,VIP
CUST-31842,Discount_Seeker
CUST-31843,Regular
CUST-31844,Regular
CUST-31845,Regular
CUST-31846,VIP
CUST-31847,Regular
CUST-31848,VIP
CUST-31849,Regular
CUST-31850,VIP
CUST-31851,Discount_Seeker
CUST-31852,Regular
CUST-31853,One_Time_Buyer
CUST-31854,One_Time_Buyer
CUST-31855,Regular
CUST-31856,Discount_Seeker
CUST-31857,One_Time_Buyer
CUST-31858,One_Time_Buyer
CUST-31859,Discount_Seeker
CUST-31860,VIP
CUST-31861,Discount_Seeker
CUST-31862,Discount_Seeker
CUST-31863,Discount_Seeker
CUST-31864,Regular
CUST-31865,One_Time_Buyer
CUST-31866,One_Time_Buyer
CUST-31867,Regular
CUST-31868,VIP
CUST-31869,Regular
CUST-31870,One_Time_Buyer
CUST-31871,Discount_Seeker
CUST-31872,Discount_Seeker
CUST-31873,Regular
CUST-31874,Discount_Seeker
CUST-31875,Regular
CUST-31876,Regular
CUST-31877,Discount_Seeker
CUST-31878,One_Time_Buyer
CUST-31879,One_Time_Buyer
CUST-31880,One_Time_Buyer
CUST-31881,Regular
CUST-31882,Regular
CUST-31883,Discount_Seeker
CUST-31884,One_Time_Buyer
CUST-31885,Regular
CUST-31886,Regular
CUST-31887,Regular
CUST-31888,Discount_Seeker
CUST-31889,Regular
CUST-31890,Regular
CUST-31891,VIP
CUST-31892,Regular
CUST-31893,One_Time_Buyer
CUST-31894,Regular
CUST-31895,Discount_Seeker
CUST-31896,Discount_Seeker
CUST-31897,One_Time_Buyer
CUST-31898,Regular
CUST-31899,One_Time_Buyer
CUST-31900,Discount_Seeker
CUST-31901,One_Time_Buyer
CUST-31902,One_Time_Buyer
CUST-31903,Regular
CUST-31904,VIP
CUST-31905,Regular
CUST-31906,Discount_Seeker
CUST-31907,Regular
CUST-31908,Regular
CUST-31909,Regular
CUST-31910,VIP
CUST-31911,Regular
CUST-31912,Regular
CUST-31913,VIP
CUST-31914,Regular
CUST-31915,Regular
CUST-31916,Regular
CUST-31917,One_Time_Buyer
CUST-31918,Discount_Seeker
CUST-31919,Regular
CUST-31920,Regular
CUST-31921,One_Time_Buyer
CUST-31922,One_Time_Buyer
CUST-31923,One_Time_Buyer
CUST-31924,Discount_Seeker
CUST-31925,Regular
CUST-31926,Regular
CUST-31927,VIP
CUST-31928,One_Time_Buyer
CUST-31929,Discount_Seeker
CUST-31930,Discount_Seeker
CUST-31931,Regular
CUST-31932,One_Time_Buyer
CUST-31933,Regular
CUST-31934,VIP
CUST-31935,Regular
CUST-31936,Discount_Seeker
CUST-31937,Regular
CUST-31938,One_Time_Buyer
CUST-31939,Regular
CUST-31940,Discount_Seeker
CUST-31941,Discount_Seeker
CUST-31942,Regular
CUST-31943,One_Time_Buyer
CUST-31944,Discount_Seeker
CUST-31945,Discount_Seeker
CUST-31946,One_Time_Buyer
CUST-31947,Discount_Seeker
CUST-31948,Regular
CUST-31949,Discount_Seeker
CUST-31950,Regular
CUST-31951,Regular
CUST-31952,VIP
CUST-31953,Discount_Seeker
CUST-31954,Discount_Seeker
CUST-31955,Regular
CUST-31956,Discount_Seeker
CUST-31957,One_Time_Buyer
CUST-31958,Regular
CUST-31959,Regular
CUST-31960,Discount_Seeker
CUST-31961,Regular
CUST-31962,Discount_Seeker
CUST-31963,VIP
CUST-31964,Regular
CUST-31965,Discount_Seeker
CUST-31966,Discount_Seeker
CUST-31967,One_Time_Buyer
CUST-31968,One_Time_Buyer
CUST-31969,Discount_Seeker
CUST-31970,Discount_Seeker
CUST-31971,VIP
CUST-31972,Discount_Seeker
CUST-31973,VIP
CUST-31974,One_Time_Buyer
CUST-31975,Regular
CUST-31976,Discount_Seeker
CUST-31977,Regular
CUST-31978,Discount_Seeker
CUST-31979,One_Time_Buyer
CUST-31980,Regular
CUST-31981,One_Time_Buyer
CUST-31982,Regular
CUST-31983,Discount_Seeker
CUST-31984,One_Time_Buyer
CUST-31985,Regular
CUST-31986,One_Time_Buyer
CUST-31987,Regular
CUST-31988,VIP
CUST-31989,One_Time_Buyer
CUST-31990,VIP
CUST-31991,One_Time_Buyer
CUST-31992,One_Time_Buyer
CUST-31993,Regular
CUST-31994,Discount_Seeker
CUST-31995,Regular
CUST-31996,Regular
CUST-31997,VIP
CUST-31998,Regular
CUST-31999,Regular
CUST-32000,Regular
CUST-32001,One_Time_Buyer
CUST-32002,One_Time_Buyer
CUST-32003,Discount_Seeker
CUST-32004,Discount_Seeker
CUST-32005,One_Time_Buyer
CUST-32006,Regular
CUST-32007,Discount_Seeker
CUST-32008,One_Time_Buyer
CUST-32009,Regular
CUST-32010,Discount_Seeker
CUST-32011,One_Time_Buyer
CUST-32012,One_Time_Buyer
CUST-32013,Discount_Seeker
CUST-32014,Regular
CUST-32015,Regular
CUST-32016,VIP
CUST-32017,Discount_Seeker
CUST-32018,VIP
CUST-32019,One_Time_Buyer
CUST-32020,Regular
CUST-32021,Regular
CUST-32022,Regular
CUST-32023,Discount_Seeker
CUST-32024,Regular
CUST-32025,Regular
CUST-32026,Regular
CUST-32027,Regular
CUST-32028,Regular
CUST-32029,One_Time_Buyer
CUST-32030,Discount_Seeker
CUST-32031,VIP
CUST-32032,One_Time_Buyer
CUST-32033,One_Time_Buyer
CUST-32034,Discount_Seeker
CUST-32035,Discount_Seeker
CUST-32036,One_Time_Buyer
CUST-32037,One_Time_Buyer
CUST-32038,Discount_Seeker
CUST-32039,Regular
CUST-32040,Discount_Seeker
CUST-32041,Discount_Seeker
CUST-32042,Regular
CUST-32043,Regular
CUST-32044,One_Time_Buyer
CUST-32045,Discount_Seeker
CUST-32046,Regular
CUST-32047,Discount_Seeker
CUST-32048,Regular
CUST-32049,Regular
CUST-32050,Discount_Seeker
CUST-32051,Regular
CUST-32052,Regular
CUST-32053,One_Time_Buyer
CUST-32054,Regular
CUST-32055,Regular
CUST-32056,One_Time_Buyer
CUST-32057,Discount_Seeker
CUST-32058,Discount_Seeker
CUST-32059,One_Time_Buyer
CUST-32060,Regular
CUST-32061,Discount_Seeker
CUST-32062,Discount_Seeker
CUST-32063,One_Time_Buyer
CUST-32064,Discount_Seeker
CUST-32065,Discount_Seeker
CUST-32066,Regular
CUST-32067,Regular
CUST-32068,Discount_Seeker
CUST-32069,Discount_Seeker
CUST-32070,Discount_Seeker
CUST-32071,Regular
CUST-32072,Discount_Seeker
CUST-32073,Discount_Seeker
CUST-32074,One_Time_Buyer
CUST-32075,Discount_Seeker
CUST-32076,One_Time_Buyer
CUST-32077,One_Time_Buyer
CUST-32078,Discount_Seeker
CUST-32079,Discount_Seeker
CUST-32080,One_Time_Buyer
CUST-32081,Discount_Seeker
CUST-32082,One_Time_Buyer
CUST-32083,Discount_Seeker
CUST-32084,Discount_Seeker
CUST-32085,Regular
CUST-32086,Regular
CUST-32087,One_Time_Buyer
CUST-32088,Discount_Seeker
CUST-32089,Discount_Seeker
CUST-32090,One_Time_Buyer
CUST-32091,Discount_Seeker
CUST-32092,Discount_Seeker
CUST-32093,Discount_Seeker
CUST-32094,Discount_Seeker
CUST-32095,Regular
CUST-32096,Regular
CUST-32097,Regular
CUST-32098,Regular
CUST-32099,Discount_Seeker
CUST-32100,Regular
CUST-32101,Regular
CUST-32102,Regular
CUST-32103,VIP
CUST-32104,Discount_Seeker
CUST-32105,One_Time_Buyer
CUST-32106,Discount_Seeker
CUST-32107,Regular
CUST-32108,VIP
CUST-32109,Regular
CUST-32110,Discount_Seeker
CUST-32111,Regular
CUST-32112,Discount_Seeker
CUST-32113,Regular
CUST-32114,One_Time_Buyer
CUST-32115,Regular
CUST-32116,Regular
CUST-32117,One_Time_Buyer
CUST-32118,Regular
CUST-32119,Regular
CUST-32120,Discount_Seeker
CUST-32121,Discount_Seeker
CUST-32122,Discount_Seeker
CUST-32123,Regular
CUST-32124,Regular
CUST-32125,Regular
CUST-32126,VIP
CUST-32127,One_Time_Buyer
CUST-32128,Discount_Seeker
CUST-32129,Regular
CUST-32130,Discount_Seeker
CUST-32131,Regular
CUST-32132,One_Time_Buyer
CUST-32133,Regular
CUST-32134,VIP
CUST-32135,Discount_Seeker
CUST-32136,Discount_Seeker
CUST-32137,Discount_Seeker
CUST-32138,VIP
CUST-32139,Regular
CUST-32140,Regular
CUST-32141,Regular
CUST-32142,One_Time_Buyer
CUST-32143,VIP
CUST-32144,Regular
CUST-32145,Discount_Seeker
CUST-32146,Regular
CUST-32147,Discount_Seeker
CUST-32148,One_Time_Buyer
CUST-32149,Regular
CUST-32150,One_Time_Buyer
CUST-32151,Discount_Seeker
CUST-32152,Regular
CUST-32153,Regular
CUST-32154,Regular
CUST-32155,Discount_Seeker
CUST-32156,Discount_Seeker
CUST-32157,One_Time_Buyer
CUST-32158,One_Time_Buyer
CUST-32159,Discount_Seeker
CUST-32160,Discount_Seeker
CUST-32161,Regular
CUST-32162,Discount_Seeker
CUST-32163,VIP
CUST-32164,Discount_Seeker
CUST-32165,Regular
CUST-32166,VIP
CUST-32167,VIP
CUST-32168,Regular
CUST-32169,Discount_Seeker
CUST-32170,Regular
CUST-32171,Discount_Seeker
CUST-32172,Regular
CUST-32173,Discount_Seeker
CUST-32174,Regular
CUST-32175,Regular
CUST-32176,Discount_Seeker
CUST-32177,Regular
CUST-32178,VIP
CUST-32179,Regular
CUST-32180,Regular
CUST-32181,Discount_Seeker
CUST-32182,Regular
CUST-32183,Discount_Seeker
CUST-32184,One_Time_Buyer
CUST-32185,Regular
CUST-32186,One_Time_Buyer
CUST-32187,Discount_Seeker
CUST-32188,Discount_Seeker
CUST-32189,Discount_Seeker
CUST-32190,Discount_Seeker
CUST-32191,Discount_Seeker
CUST-32192,Regular
CUST-32193,VIP
CUST-32194,VIP
CUST-32195,Regular
CUST-32196,Regular
CUST-32197,Regular
CUST-32198,Regular
CUST-32199,Discount_Seeker
CUST-32200,One_Time_Buyer
CUST-32201,One_Time_Buyer
CUST-32202,Regular
CUST-32203,Discount_Seeker
CUST-32204,One_Time_Buyer
CUST-32205,Regular
CUST-32206,Regular
CUST-32207,One_Time_Buyer
CUST-32208,Discount_Seeker
CUST-32209,Regular
CUST-32210,Regular
CUST-32211,Regular
CUST-32212,One_Time_Buyer
CUST-32213,Discount_Seeker
CUST-32214,Regular
CUST-32215,Regular
CUST-32216,Discount_Seeker
CUST-32217,Discount_Seeker
CUST-32218,Regular
CUST-32219,One_Time_Buyer
CUST-32220,VIP
CUST-32221,Regular
CUST-32222,Discount_Seeker
CUST-32223,Regular
CUST-32224,One_Time_Buyer
CUST-32225,Discount_Seeker
CUST-32226,Discount_Seeker
CUST-32227,Regular
CUST-32228,Regular
CUST-32229,Regular
CUST-32230,Discount_Seeker
CUST-32231,Discount_Seeker
CUST-32232,One_Time_Buyer
CUST-32233,Discount_Seeker
CUST-32234,One_Time_Buyer
CUST-32235,Discount_Seeker
CUST-32236,Regular
CUST-32237,Regular
CUST-32238,Discount_Seeker
CUST-32239,Regular
CUST-32240,VIP
CUST-32241,Discount_Seeker
CUST-32242,One_Time_Buyer
CUST-32243,Regular
CUST-32244,Discount_Seeker
CUST-32245,One_Time_Buyer
CUST-32246,Regular
CUST-32247,VIP
CUST-32248,Regular
CUST-32249,Discount_Seeker
CUST-32250,Discount_Seeker
CUST-32251,One_Time_Buyer
CUST-32252,Discount_Seeker
CUST-32253,Regular
CUST-32254,Regular
CUST-32255,Discount_Seeker
CUST-32256,Regular
CUST-32257,Regular
CUST-32258,Regular
CUST-32259,VIP
CUST-32260,Regular
CUST-32261,Regular
CUST-32262,Regular
CUST-32263,Regular
CUST-32264,Discount_Seeker
CUST-32265,One_Time_Buyer
CUST-32266,Regular
CUST-32267,Discount_Seeker
CUST-32268,Regular
CUST-32269,Discount_Seeker
CUST-32270,One_Time_Buyer
CUST-32271,Discount_Seeker
CUST-32272,One_Time_Buyer
CUST-32273,Regular
CUST-32274,VIP
CUST-32275,One_Time_Buyer
CUST-32276,Regular
CUST-32277,Regular
CUST-32278,Discount_Seeker
CUST-32279,One_Time_Buyer
CUST-32280,One_Time_Buyer
CUST-32281,Regular
CUST-32282,One_Time_Buyer
CUST-32283,VIP
CUST-32284,VIP
CUST-32285,Discount_Seeker
CUST-32286,VIP
CUST-32287,Regular
CUST-32288,Discount_Seeker
CUST-32289,Regular
CUST-32290,Regular
CUST-32291,Regular
CUST-32292,Regular
CUST-32293,Regular
CUST-32294,Discount_Seeker
CUST-32295,Discount_Seeker
CUST-32296,Regular
CUST-32297,One_Time_Buyer
CUST-32298,Regular
CUST-32299,Regular
CUST-32300,One_Time_Buyer
CUST-32301,Regular
CUST-32302,One_Time_Buyer
CUST-32303,Regular
CUST-32304,Discount_Seeker
CUST-32305,Regular
CUST-32306,Regular
CUST-32307,Regular
CUST-32308,Discount_Seeker
CUST-32309,Discount_Seeker
CUST-32310,One_Time_Buyer
CUST-32311,Regular
CUST-32312,Regular
CUST-32313,Regular
CUST-32314,Discount_Seeker
CUST-32315,One_Time_Buyer
CUST-32316,Regular
CUST-32317,Discount_Seeker
CUST-32318,Regular
CUST-32319,Discount_Seeker
CUST-32320,One_Time_Buyer
CUST-32321,Regular
CUST-32322,Regular
CUST-32323,One_Time_Buyer
CUST-32324,One_Time_Buyer
CUST-32325,Discount_Seeker
CUST-32326,Discount_Seeker
CUST-32327,Regular
CUST-32328,Discount_Seeker
CUST-32329,One_Time_Buyer
CUST-32330,Discount_Seeker
CUST-32331,Regular
CUST-32332,Regular
CUST-32333,Regular
CUST-32334,Regular
CUST-32335,VIP
CUST-32336,Regular
CUST-32337,Regular
CUST-32338,Regular
CUST-32339,Discount_Seeker
CUST-32340,Regular
CUST-32341,VIP
CUST-32342,Regular
CUST-32343,Regular
CUST-32344,Discount_Seeker
CUST-32345,Regular
CUST-32346,Discount_Seeker
CUST-32347,One_Time_Buyer
CUST-32348,Discount_Seeker
CUST-32349,Discount_Seeker
CUST-32350,One_Time_Buyer
CUST-32351,Discount_Seeker
CUST-32352,VIP
CUST-32353,Regular
CUST-32354,One_Time_Buyer
CUST-32355,Regular
CUST-32356,VIP
CUST-32357,Discount_Seeker
CUST-32358,One_Time_Buyer
CUST-32359,Regular
CUST-32360,Discount_Seeker
CUST-32361,Regular
CUST-32362,Discount_Seeker
CUST-32363,Regular
CUST-32364,Regular
CUST-32365,One_Time_Buyer
CUST-32366,Regular
CUST-32367,Discount_Seeker
CUST-32368,Regular
CUST-32369,Regular
CUST-32370,Discount_Seeker
CUST-32371,Regular
CUST-32372,Regular
CUST-32373,Regular
CUST-32374,Discount_Seeker
CUST-32375,One_Time_Buyer
CUST-32376,One_Time_Buyer
CUST-32377,Regular
CUST-32378,Regular
CUST-32379,Regular
CUST-32380,One_Time_Buyer
CUST-32381,Regular
CUST-32382,One_Time_Buyer
CUST-32383,Regular
CUST-32384,One_Time_Buyer
CUST-32385,One_Time_Buyer
CUST-32386,One_Time_Buyer
CUST-32387,Regular
CUST-32388,VIP
CUST-32389,Regular
CUST-32390,Regular
CUST-32391,VIP
CUST-32392,Discount_Seeker
CUST-32393,Regular
CUST-32394,Discount_Seeker
CUST-32395,Discount_Seeker
CUST-32396,Regular
CUST-32397,One_Time_Buyer
CUST-32398,Regular
CUST-32399,Regular
CUST-32400,Regular
CUST-32401,One_Time_Buyer
CUST-32402,VIP
CUST-32403,Regular
CUST-32404,Discount_Seeker
CUST-32405,Regular
CUST-32406,Discount_Seeker
CUST-32407,One_Time_Buyer
CUST-32408,One_Time_Buyer
CUST-32409,VIP
CUST-32410,Regular
CUST-32411,Regular
CUST-32412,Regular
CUST-32413,Regular
CUST-32414,Regular
CUST-32415,One_Time_Buyer
CUST-32416,One_Time_Buyer
CUST-32417,VIP
CUST-32418,Regular
CUST-32419,Regular
CUST-32420,Regular
CUST-32421,Discount_Seeker
CUST-32422,Discount_Seeker
CUST-32423,One_Time_Buyer
CUST-32424,Discount_Seeker
CUST-32425,Discount_Seeker
CUST-32426,Discount_Seeker
CUST-32427,Regular
CUST-32428,Discount_Seeker
CUST-32429,Regular
CUST-32430,Regular
CUST-32431,Regular
CUST-32432,Regular
CUST-32433,One_Time_Buyer
CUST-32434,Regular
CUST-32435,Regular
CUST-32436,Regular
CUST-32437,Discount_Seeker
CUST-32438,Regular
CUST-32439,One_Time_Buyer
CUST-32440,One_Time_Buyer
CUST-32441,Discount_Seeker
CUST-32442,Discount_Seeker
CUST-32443,VIP
CUST-32444,Regular
CUST-32445,Discount_Seeker
CUST-32446,VIP
CUST-32447,Regular
CUST-32448,Discount_Seeker
CUST-32449,Regular
CUST-32450,One_Time_Buyer
CUST-32451,Regular
CUST-32452,Discount_Seeker
CUST-32453,Discount_Seeker
CUST-32454,Discount_Seeker
CUST-32455,Regular
CUST-32456,Discount_Seeker
CUST-32457,One_Time_Buyer
CUST-32458,Regular
CUST-32459,Regular
CUST-32460,Discount_Seeker
CUST-32461,Discount_Seeker
CUST-32462,Regular
CUST-32463,One_Time_Buyer
CUST-32464,Regular
CUST-32465,Regular
CUST-32466,Discount_Seeker
CUST-32467,Discount_Seeker
CUST-32468,One_Time_Buyer
CUST-32469,One_Time_Buyer
CUST-32470,Regular
CUST-32471,Regular
CUST-32472,VIP
CUST-32473,Discount_Seeker
CUST-32474,One_Time_Buyer
CUST-32475,Regular
CUST-32476,Regular
CUST-32477,VIP
CUST-32478,One_Time_Buyer
CUST-32479,Regular
CUST-32480,Regular
CUST-32481,Discount_Seeker
CUST-32482,One_Time_Buyer
CUST-32483,Discount_Seeker
CUST-32484,Discount_Seeker
CUST-32485,Regular
CUST-32486,Discount_Seeker
CUST-32487,Discount_Seeker
CUST-32488,One_Time_Buyer
CUST-32489,Regular
CUST-32490,VIP
CUST-32491,VIP
CUST-32492,Regular
CUST-32493,One_Time_Buyer
CUST-32494,VIP
CUST-32495,Regular
CUST-32496,Regular
CUST-32497,VIP
CUST-32498,Regular
CUST-32499,Regular
CUST-32500,Regular
CUST-32501,Discount_Seeker
CUST-32502,Discount_Seeker
CUST-32503,Regular
CUST-32504,One_Time_Buyer
CUST-32505,Discount_Seeker
CUST-32506,Discount_Seeker
CUST-32507,VIP
CUST-32508,VIP
CUST-32509,VIP
CUST-32510,Regular
CUST-32511,Regular
CUST-32512,One_Time_Buyer
CUST-32513,Regular
CUST-32514,Regular
CUST-32515,Discount_Seeker
CUST-32516,Regular
CUST-32517,Discount_Seeker
CUST-32518,Discount_Seeker
CUST-32519,Discount_Seeker
CUST-32520,One_Time_Buyer
CUST-32521,Regular
CUST-32522,Discount_Seeker
CUST-32523,One_Time_Buyer
CUST-32524,Discount_Seeker
CUST-32525,Regular
CUST-32526,One_Time_Buyer
CUST-32527,VIP
CUST-32528,One_Time_Buyer
CUST-32529,VIP
CUST-32530,Discount_Seeker
CUST-32531,One_Time_Buyer
CUST-32532,Regular
CUST-32533,Regular
CUST-32534,Regular
CUST-32535,One_Time_Buyer
CUST-32536,One_Time_Buyer
CUST-32537,Discount_Seeker
CUST-32538,Discount_Seeker
CUST-32539,One_Time_Buyer
CUST-32540,Regular
CUST-32541,Regular
CUST-32542,Discount_Seeker
CUST-32543,Regular
CUST-32544,VIP
CUST-32545,VIP
CUST-32546,Regular
CUST-32547,One_Time_Buyer
CUST-32548,Regular
CUST-32549,Discount_Seeker
CUST-32550,Regular
CUST-32551,Regular
CUST-32552,Regular
CUST-32553,Discount_Seeker
CUST-32554,Discount_Seeker
CUST-32555,One_Time_Buyer
CUST-32556,Discount_Seeker
CUST-32557,Discount_Seeker
CUST-32558,Discount_Seeker
CUST-32559,One_Time_Buyer
CUST-32560,Discount_Seeker
CUST-32561,VIP
CUST-32562,Discount_Seeker
CUST-32563,Discount_Seeker
CUST-32564,Discount_Seeker
CUST-32565,Regular
CUST-32566,One_Time_Buyer
CUST-32567,One_Time_Buyer
CUST-32568,Regular
CUST-32569,One_Time_Buyer
CUST-32570,VIP
CUST-32571,VIP
CUST-32572,Regular
CUST-32573,VIP
CUST-32574,One_Time_Buyer
CUST-32575,VIP
CUST-32576,Regular
CUST-32577,Regular
CUST-32578,Regular
CUST-32579,VIP
CUST-32580,Discount_Seeker
CUST-32581,Regular
CUST-32582,One_Time_Buyer
CUST-32583,One_Time_Buyer
CUST-32584,VIP
CUST-32585,One_Time_Buyer
CUST-32586,VIP
CUST-32587,Regular
CUST-32588,VIP
CUST-32589,Regular
CUST-32590,Discount_Seeker
CUST-32591,Discount_Seeker
CUST-32592,Regular
CUST-32593,Discount_Seeker
CUST-32594,Regular
CUST-32595,Discount_Seeker
CUST-32596,Regular
CUST-32597,Regular
CUST-32598,Regular
CUST-32599,Regular
CUST-32600,Discount_Seeker
CUST-32601,One_Time_Buyer
CUST-32602,VIP
CUST-32603,Discount_Seeker
CUST-32604,Discount_Seeker
CUST-32605,One_Time_Buyer
CUST-32606,Regular
CUST-32607,Regular
CUST-32608,One_Time_Buyer
CUST-32609,Discount_Seeker
CUST-32610,Regular
CUST-32611,Regular
CUST-32612,Regular
CUST-32613,Discount_Seeker
CUST-32614,Discount_Seeker
CUST-32615,Regular
CUST-32616,Discount_Seeker
CUST-32617,Discount_Seeker
CUST-32618,Discount_Seeker
CUST-32619,Discount_Seeker
CUST-32620,One_Time_Buyer
CUST-32621,Regular
CUST-32622,One_Time_Buyer
CUST-32623,Regular
CUST-32624,Regular
CUST-32625,Regular
CUST-32626,Regular
CUST-32627,Regular
CUST-32628,Regular
CUST-32629,One_Time_Buyer
CUST-32630,Regular
CUST-32631,Discount_Seeker
CUST-32632,VIP
CUST-32633,One_Time_Buyer
CUST-32634,Discount_Seeker
CUST-32635,VIP
CUST-32636,Discount_Seeker
CUST-32637,Discount_Seeker
CUST-32638,Discount_Seeker
CUST-32639,Discount_Seeker
CUST-32640,Discount_Seeker
CUST-32641,Discount_Seeker
CUST-32642,Regular
CUST-32643,VIP
CUST-32644,One_Time_Buyer
CUST-32645,Regular
CUST-32646,Regular
CUST-32647,VIP
CUST-32648,Regular
CUST-32649,One_Time_Buyer
CUST-32650,Regular
CUST-32651,Regular
CUST-32652,Discount_Seeker
CUST-32653,One_Time_Buyer
CUST-32654,Regular
CUST-32655,Regular
CUST-32656,One_Time_Buyer
CUST-32657,Discount_Seeker
CUST-32658,Regular
CUST-32659,VIP
CUST-32660,Regular
CUST-32661,Regular
CUST-32662,Regular
CUST-32663,One_Time_Buyer
CUST-32664,VIP
CUST-32665,Discount_Seeker
CUST-32666,Regular
CUST-32667,Discount_Seeker
CUST-32668,Discount_Seeker
CUST-32669,VIP
CUST-32670,Discount_Seeker
CUST-32671,Regular
CUST-32672,One_Time_Buyer
CUST-32673,One_Time_Buyer
CUST-32674,Regular
CUST-32675,Regular
CUST-32676,Regular
CUST-32677,Discount_Seeker
CUST-32678,Regular
CUST-32679,Regular
CUST-32680,Regular
CUST-32681,VIP
CUST-32682,Discount_Seeker
CUST-32683,VIP
CUST-32684,Discount_Seeker
CUST-32685,Regular
CUST-32686,Regular
CUST-32687,Discount_Seeker
CUST-32688,One_Time_Buyer
CUST-32689,Discount_Seeker
CUST-32690,Regular
CUST-32691,Regular
CUST-32692,One_Time_Buyer
CUST-32693,Regular
CUST-32694,Regular
CUST-32695,One_Time_Buyer
CUST-32696,One_Time_Buyer
CUST-32697,One_Time_Buyer
CUST-32698,One_Time_Buyer
CUST-32699,One_Time_Buyer
CUST-32700,VIP
CUST-32701,Regular
CUST-32702,Discount_Seeker
CUST-32703,Discount_Seeker
CUST-32704,Regular
CUST-32705,Regular
CUST-32706,Regular
CUST-32707,Discount_Seeker
CUST-32708,VIP
CUST-32709,Regular
CUST-32710,Discount_Seeker
CUST-32711,Discount_Seeker
CUST-32712,Regular
CUST-32713,Discount_Seeker
CUST-32714,Discount_Seeker
CUST-32715,Regular
CUST-32716,VIP
CUST-32717,Regular
CUST-32718,Regular
CUST-32719,One_Time_Buyer
CUST-32720,Regular
CUST-32721,Discount_Seeker
CUST-32722,VIP
CUST-32723,Regular
CUST-32724,Discount_Seeker
CUST-32725,Regular
CUST-32726,Regular
CUST-32727,Regular
CUST-32728,Regular
CUST-32729,Discount_Seeker
CUST-32730,Regular
CUST-32731,One_Time_Buyer
CUST-32732,Discount_Seeker
CUST-32733,Regular
CUST-32734,VIP
CUST-32735,Regular
CUST-32736,Discount_Seeker
CUST-32737,Regular
CUST-32738,One_Time_Buyer
CUST-32739,Regular
CUST-32740,One_Time_Buyer
CUST-32741,VIP
CUST-32742,One_Time_Buyer
CUST-32743,Regular
CUST-32744,Regular
CUST-32745,Regular
CUST-32746,Regular
CUST-32747,One_Time_Buyer
CUST-32748,Regular
CUST-32749,Regular
CUST-32750,Discount_Seeker
CUST-32751,Regular
CUST-32752,Discount_Seeker
CUST-32753,Discount_Seeker
CUST-32754,Regular
CUST-32755,One_Time_Buyer
CUST-32756,Regular
CUST-32757,Regular
CUST-32758,Discount_Seeker
CUST-32759,Discount_Seeker
CUST-32760,Regular
CUST-32761,Discount_Seeker
CUST-32762,Regular
CUST-32763,Regular
CUST-32764,One_Time_Buyer
CUST-32765,Regular
CUST-32766,Regular
CUST-32767,One_Time_Buyer
CUST-32768,One_Time_Buyer
CUST-32769,Regular
CUST-32770,Discount_Seeker
CUST-32771,Discount_Seeker
CUST-32772,One_Time_Buyer
CUST-32773,One_Time_Buyer
CUST-32774,Regular
CUST-32775,Regular
CUST-32776,Regular
CUST-32777,Discount_Seeker
CUST-32778,Discount_Seeker
CUST-32779,Discount_Seeker
CUST-32780,One_Time_Buyer
CUST-32781,VIP
CUST-32782,Regular
CUST-32783,Regular
CUST-32784,Regular
CUST-32785,VIP
CUST-32786,VIP
CUST-32787,Discount_Seeker
CUST-32788,One_Time_Buyer
CUST-32789,Discount_Seeker
CUST-32790,Discount_Seeker
CUST-32791,Regular
CUST-32792,Discount_Seeker
CUST-32793,Discount_Seeker
CUST-32794,Discount_Seeker
CUST-32795,Regular
CUST-32796,VIP
CUST-32797,VIP
CUST-32798,Discount_Seeker
CUST-32799,One_Time_Buyer
CUST-32800,One_Time_Buyer
CUST-32801,Regular
CUST-32802,Discount_Seeker
CUST-32803,One_Time_Buyer
CUST-32804,Regular
CUST-32805,Regular
CUST-32806,One_Time_Buyer
CUST-32807,Regular
CUST-32808,One_Time_Buyer
CUST-32809,One_Time_Buyer
CUST-32810,Discount_Seeker
CUST-32811,One_Time_Buyer
CUST-32812,Discount_Seeker
CUST-32813,Discount_Seeker
CUST-32814,Regular
CUST-32815,VIP
CUST-32816,Regular
CUST-32817,Discount_Seeker
CUST-32818,Regular
CUST-32819,VIP
CUST-32820,Regular
CUST-32821,Discount_Seeker
CUST-32822,One_Time_Buyer
CUST-32823,One_Time_Buyer
CUST-32824,Regular
CUST-32825,One_Time_Buyer
CUST-32826,Discount_Seeker
CUST-32827,Discount_Seeker
CUST-32828,Discount_Seeker
CUST-32829,Regular
CUST-32830,One_Time_Buyer
CUST-32831,Regular
CUST-32832,Regular
CUST-32833,Discount_Seeker
CUST-32834,Regular
CUST-32835,Regular
CUST-32836,Discount_Seeker
CUST-32837,VIP
CUST-32838,Discount_Seeker
CUST-32839,Discount_Seeker
CUST-32840,Discount_Seeker
CUST-32841,Discount_Seeker
CUST-32842,Discount_Seeker
CUST-32843,Discount_Seeker
CUST-32844,Discount_Seeker
CUST-32845,Discount_Seeker
CUST-32846,Discount_Seeker
CUST-32847,One_Time_Buyer
CUST-32848,Regular
CUST-32849,Regular
CUST-32850,One_Time_Buyer
CUST-32851,Regular
CUST-32852,Regular
CUST-32853,Discount_Seeker
CUST-32854,Regular
CUST-32855,Regular
CUST-32856,One_Time_Buyer
CUST-32857,Discount_Seeker
CUST-32858,Regular
CUST-32859,One_Time_Buyer
CUST-32860,One_Time_Buyer
CUST-32861,Regular
CUST-32862,Regular
CUST-32863,One_Time_Buyer
CUST-32864,Discount_Seeker
CUST-32865,Discount_Seeker
CUST-32866,One_Time_Buyer
CUST-32867,Discount_Seeker
CUST-32868,Regular
CUST-32869,Discount_Seeker
CUST-32870,Regular
CUST-32871,Discount_Seeker
CUST-32872,Discount_Seeker
CUST-32873,VIP
CUST-32874,Discount_Seeker
CUST-32875,Regular
CUST-32876,Regular
CUST-32877,Discount_Seeker
CUST-32878,Regular
CUST-32879,Discount_Seeker
CUST-32880,VIP
CUST-32881,Discount_Seeker
CUST-32882,One_Time_Buyer
CUST-32883,Discount_Seeker
CUST-32884,Regular
CUST-32885,One_Time_Buyer
CUST-32886,Regular
CUST-32887,VIP
CUST-32888,Regular
CUST-32889,VIP
CUST-32890,One_Time_Buyer
CUST-32891,Regular
CUST-32892,Discount_Seeker
CUST-32893,Discount_Seeker
CUST-32894,Regular
CUST-32895,Discount_Seeker
CUST-32896,VIP
CUST-32897,Regular
CUST-32898,VIP
CUST-32899,One_Time_Buyer
CUST-32900,One_Time_Buyer
CUST-32901,Regular
CUST-32902,Regular
CUST-32903,Discount_Seeker
CUST-32904,Regular
CUST-32905,One_Time_Buyer
CUST-32906,Discount_Seeker
CUST-32907,Regular
CUST-32908,One_Time_Buyer
CUST-32909,Regular
CUST-32910,One_Time_Buyer
CUST-32911,One_Time_Buyer
CUST-32912,Regular
CUST-32913,VIP
CUST-32914,One_Time_Buyer
CUST-32915,One_Time_Buyer
CUST-32916,VIP
CUST-32917,One_Time_Buyer
CUST-32918,Regular
CUST-32919,Regular
CUST-32920,One_Time_Buyer
CUST-32921,Regular
CUST-32922,One_Time_Buyer
CUST-32923,Regular
CUST-32924,Discount_Seeker
CUST-32925,Regular
CUST-32926,Discount_Seeker
CUST-32927,Discount_Seeker
CUST-32928,Regular
CUST-32929,Discount_Seeker
CUST-32930,Regular
CUST-32931,VIP
CUST-32932,One_Time_Buyer
CUST-32933,Regular
CUST-32934,Discount_Seeker
CUST-32935,Discount_Seeker
CUST-32936,Discount_Seeker
CUST-32937,Regular
CUST-32938,Regular
CUST-32939,Regular
CUST-32940,Discount_Seeker
CUST-32941,One_Time_Buyer
CUST-32942,Discount_Seeker
CUST-32943,VIP
CUST-32944,Regular
CUST-32945,Regular
CUST-32946,Regular
CUST-32947,Regular
CUST-32948,Regular
CUST-32949,Regular
CUST-32950,VIP
CUST-32951,VIP
CUST-32952,Regular
CUST-32953,Regular
CUST-32954,Regular
CUST-32955,Discount_Seeker
CUST-32956,Regular
CUST-32957,Regular
CUST-32958,Regular
CUST-32959,Regular
CUST-32960,VIP
CUST-32961,Regular
CUST-32962,Discount_Seeker
CUST-32963,Regular
CUST-32964,Regular
CUST-32965,One_Time_Buyer
CUST-32966,Regular
CUST-32967,Regular
CUST-32968,One_Time_Buyer
CUST-32969,One_Time_Buyer
CUST-32970,Regular
CUST-32971,Regular
CUST-32972,Regular
CUST-32973,VIP
CUST-32974,Discount_Seeker
CUST-32975,VIP
CUST-32976,Regular
CUST-32977,One_Time_Buyer
CUST-32978,One_Time_Buyer
CUST-32979,Regular
CUST-32980,Discount_Seeker
CUST-32981,Regular
CUST-32982,One_Time_Buyer
CUST-32983,Regular
CUST-32984,VIP
CUST-32985,Regular
CUST-32986,Regular
CUST-32987,Regular
CUST-32988,Discount_Seeker
CUST-32989,Discount_Seeker
CUST-32990,Regular
CUST-32991,Regular
CUST-32992,VIP
CUST-32993,One_Time_Buyer
CUST-32994,One_Time_Buyer
CUST-32995,One_Time_Buyer
CUST-32996,One_Time_Buyer
CUST-32997,Regular
CUST-32998,VIP
CUST-32999,Discount_Seeker
CUST-33000,One_Time_Buyer
CUST-33001,Regular
CUST-33002,VIP
CUST-33003,One_Time_Buyer
CUST-33004,VIP
CUST-33005,Regular
CUST-33006,Discount_Seeker
CUST-33007,Regular
CUST-33008,VIP
CUST-33009,Discount_Seeker
CUST-33010,Discount_Seeker
CUST-33011,One_Time_Buyer
CUST-33012,Regular
CUST-33013,VIP
CUST-33014,Discount_Seeker
CUST-33015,Discount_Seeker
CUST-33016,Regular
CUST-33017,Discount_Seeker
CUST-33018,Regular
CUST-33019,Regular
CUST-33020,VIP
CUST-33021,Regular
CUST-33022,Regular
CUST-33023,Discount_Seeker
CUST-33024,Discount_Seeker
CUST-33025,One_Time_Buyer
CUST-33026,Regular
CUST-33027,VIP
CUST-33028,VIP
CUST-33029,Regular
CUST-33030,Discount_Seeker
CUST-33031,Discount_Seeker
CUST-33032,Discount_Seeker
CUST-33033,Regular
CUST-33034,Regular
CUST-33035,Regular
CUST-33036,VIP
CUST-33037,Discount_Seeker
CUST-33038,One_Time_Buyer
CUST-33039,Regular
CUST-33040,Discount_Seeker
CUST-33041,Discount_Seeker
CUST-33042,Regular
CUST-33043,Discount_Seeker
CUST-33044,Regular
CUST-33045,VIP
CUST-33046,Discount_Seeker
CUST-33047,One_Time_Buyer
CUST-33048,Regular
CUST-33049,Regular
CUST-33050,One_Time_Buyer
CUST-33051,One_Time_Buyer
CUST-33052,Discount_Seeker
CUST-33053,Regular
CUST-33054,One_Time_Buyer
CUST-33055,Regular
CUST-33056,Discount_Seeker
CUST-33057,VIP
CUST-33058,Discount_Seeker
CUST-33059,Regular
CUST-33060,Regular
CUST-33061,Regular
CUST-33062,Regular
CUST-33063,Discount_Seeker
CUST-33064,One_Time_Buyer
CUST-33065,One_Time_Buyer
CUST-33066,Regular
CUST-33067,Discount_Seeker
CUST-33068,Discount_Seeker
CUST-33069,Regular
CUST-33070,VIP
CUST-33071,Discount_Seeker
CUST-33072,One_Time_Buyer
CUST-33073,Discount_Seeker
CUST-33074,Regular
CUST-33075,Discount_Seeker
CUST-33076,Regular
CUST-33077,Discount_Seeker
CUST-33078,Discount_Seeker
CUST-33079,Regular
CUST-33080,One_Time_Buyer
CUST-33081,Regular
CUST-33082,One_Time_Buyer
CUST-33083,Regular
CUST-33084,Regular
CUST-33085,Regular
CUST-33086,Regular
CUST-33087,VIP
CUST-33088,Discount_Seeker
CUST-33089,Discount_Seeker
CUST-33090,Discount_Seeker
CUST-33091,VIP
CUST-33092,Discount_Seeker
CUST-33093,VIP
CUST-33094,Discount_Seeker
CUST-33095,VIP
CUST-33096,One_Time_Buyer
CUST-33097,Discount_Seeker
CUST-33098,Discount_Seeker
CUST-33099,Regular
CUST-33100,Regular
CUST-33101,Regular
CUST-33102,One_Time_Buyer
CUST-33103,One_Time_Buyer
CUST-33104,VIP
CUST-33105,Discount_Seeker
CUST-33106,Discount_Seeker
CUST-33107,Discount_Seeker
CUST-33108,VIP
CUST-33109,Regular
CUST-33110,Regular
CUST-33111,One_Time_Buyer
CUST-33112,Regular
CUST-33113,Regular
CUST-33114,One_Time_Buyer
CUST-33115,Discount_Seeker
CUST-33116,One_Time_Buyer
CUST-33117,Regular
CUST-33118,Regular
CUST-33119,One_Time_Buyer
CUST-33120,Regular
CUST-33121,Regular
CUST-33122,Regular
CUST-33123,VIP
CUST-33124,Regular
CUST-33125,One_Time_Buyer
CUST-33126,One_Time_Buyer
CUST-33127,One_Time_Buyer
CUST-33128,Regular
CUST-33129,Regular
CUST-33130,VIP
CUST-33131,One_Time_Buyer
CUST-33132,Regular
CUST-33133,Discount_Seeker
CUST-33134,Discount_Seeker
CUST-33135,Regular
CUST-33136,Regular
CUST-33137,One_Time_Buyer
CUST-33138,One_Time_Buyer
CUST-33139,Regular
CUST-33140,Regular
CUST-33141,One_Time_Buyer
CUST-33142,VIP
CUST-33143,Regular
CUST-33144,Regular
CUST-33145,Discount_Seeker
CUST-33146,VIP
CUST-33147,Regular
CUST-33148,Regular
CUST-33149,Discount_Seeker
CUST-33150,One_Time_Buyer
CUST-33151,One_Time_Buyer
CUST-33152,One_Time_Buyer
CUST-33153,Discount_Seeker
CUST-33154,VIP
CUST-33155,Regular
CUST-33156,One_Time_Buyer
CUST-33157,Regular
CUST-33158,Regular
CUST-33159,Discount_Seeker
CUST-33160,Regular
CUST-33161,Regular
CUST-33162,One_Time_Buyer
CUST-33163,One_Time_Buyer
CUST-33164,Regular
CUST-33165,One_Time_Buyer
CUST-33166,Discount_Seeker
CUST-33167,Discount_Seeker
CUST-33168,VIP
CUST-33169,Regular
CUST-33170,Discount_Seeker
CUST-33171,One_Time_Buyer
CUST-33172,Discount_Seeker
CUST-33173,Regular
CUST-33174,Regular
CUST-33175,One_Time_Buyer
CUST-33176,Regular
CUST-33177,Discount_Seeker
CUST-33178,VIP
CUST-33179,VIP
CUST-33180,Discount_Seeker
CUST-33181,Discount_Seeker
CUST-33182,Regular
CUST-33183,Regular
CUST-33184,One_Time_Buyer
CUST-33185,Regular
CUST-33186,Discount_Seeker
CUST-33187,One_Time_Buyer
CUST-33188,Regular
CUST-33189,One_Time_Buyer
CUST-33190,Regular
CUST-33191,Discount_Seeker
CUST-33192,Regular
CUST-33193,One_Time_Buyer
CUST-33194,Regular
CUST-33195,Regular
CUST-33196,One_Time_Buyer
CUST-33197,Discount_Seeker
CUST-33198,Discount_Seeker
CUST-33199,Regular
CUST-33200,Discount_Seeker
CUST-33201,VIP
CUST-33202,VIP
CUST-33203,Discount_Seeker
CUST-33204,Regular
CUST-33205,One_Time_Buyer
CUST-33206,One_Time_Buyer
CUST-33207,Discount_Seeker
CUST-33208,One_Time_Buyer
CUST-33209,Discount_Seeker
CUST-33210,Regular
CUST-33211,Discount_Seeker
CUST-33212,Regular
CUST-33213,Regular
CUST-33214,One_Time_Buyer
CUST-33215,Discount_Seeker
CUST-33216,One_Time_Buyer
CUST-33217,Regular
CUST-33218,Discount_Seeker
CUST-33219,VIP
CUST-33220,Discount_Seeker
CUST-33221,Discount_Seeker
CUST-33222,Discount_Seeker
CUST-33223,Regular
CUST-33224,VIP
CUST-33225,Regular
CUST-33226,Discount_Seeker
CUST-33227,One_Time_Buyer
CUST-33228,Regular
CUST-33229,Discount_Seeker
CUST-33230,One_Time_Buyer
CUST-33231,Discount_Seeker
CUST-33232,Discount_Seeker
CUST-33233,One_Time_Buyer
CUST-33234,Regular
CUST-33235,Regular
CUST-33236,VIP
CUST-33237,One_Time_Buyer
CUST-33238,One_Time_Buyer
CUST-33239,Discount_Seeker
CUST-33240,VIP
CUST-33241,Regular
CUST-33242,Regular
CUST-33243,VIP
CUST-33244,Discount_Seeker
CUST-33245,One_Time_Buyer
CUST-33246,One_Time_Buyer
CUST-33247,Discount_Seeker
CUST-33248,VIP
CUST-33249,Regular
CUST-33250,Regular
CUST-33251,Discount_Seeker
CUST-33252,One_Time_Buyer
CUST-33253,Regular
CUST-33254,Regular
CUST-33255,VIP
CUST-33256,Regular
CUST-33257,Regular
CUST-33258,Regular
CUST-33259,Regular
CUST-33260,One_Time_Buyer
CUST-33261,Discount_Seeker
CUST-33262,VIP
CUST-33263,Regular
CUST-33264,Regular
CUST-33265,Regular
CUST-33266,Regular
CUST-33267,Discount_Seeker
CUST-33268,Discount_Seeker
CUST-33269,Discount_Seeker
CUST-33270,Regular
CUST-33271,One_Time_Buyer
CUST-33272,Regular
CUST-33273,VIP
CUST-33274,Discount_Seeker
CUST-33275,Discount_Seeker
CUST-33276,One_Time_Buyer
CUST-33277,Discount_Seeker
CUST-33278,One_Time_Buyer
CUST-33279,One_Time_Buyer
CUST-33280,Discount_Seeker
CUST-33281,Discount_Seeker
CUST-33282,Discount_Seeker
CUST-33283,One_Time_Buyer
CUST-33284,Discount_Seeker
CUST-33285,Regular
CUST-33286,Discount_Seeker
CUST-33287,Regular
CUST-33288,Regular
CUST-33289,Regular
CUST-33290,Discount_Seeker
CUST-33291,One_Time_Buyer
CUST-33292,Regular
CUST-33293,VIP
CUST-33294,Regular
CUST-33295,Discount_Seeker
CUST-33296,Regular
CUST-33297,Regular
CUST-33298,Regular
CUST-33299,Regular
CUST-33300,Regular
CUST-33301,Discount_Seeker
CUST-33302,VIP
CUST-33303,Discount_Seeker
CUST-33304,Regular
CUST-33305,Regular
CUST-33306,Regular
CUST-33307,Discount_Seeker
CUST-33308,One_Time_Buyer
CUST-33309,One_Time_Buyer
CUST-33310,Discount_Seeker
CUST-33311,Regular
CUST-33312,One_Time_Buyer
CUST-33313,Discount_Seeker
CUST-33314,Regular
CUST-33315,One_Time_Buyer
CUST-33316,Regular
CUST-33317,Regular
CUST-33318,Regular
CUST-33319,Regular
CUST-33320,Discount_Seeker
CUST-33321,Regular
CUST-33322,Regular
CUST-33323,Regular
CUST-33324,Discount_Seeker
CUST-33325,Discount_Seeker
CUST-33326,Regular
CUST-33327,VIP
CUST-33328,Regular
CUST-33329,One_Time_Buyer
CUST-33330,Regular
CUST-33331,Regular
CUST-33332,VIP
CUST-33333,Discount_Seeker
CUST-33334,Discount_Seeker
CUST-33335,Regular
CUST-33336,Regular
CUST-33337,Regular
CUST-33338,One_Time_Buyer
CUST-33339,One_Time_Buyer
CUST-33340,Discount_Seeker
CUST-33341,Discount_Seeker
CUST-33342,Regular
CUST-33343,Discount_Seeker
CUST-33344,Discount_Seeker
CUST-33345,Regular
CUST-33346,One_Time_Buyer
CUST-33347,Regular
CUST-33348,Regular
CUST-33349,Discount_Seeker
CUST-33350,Discount_Seeker
CUST-33351,Discount_Seeker
CUST-33352,Regular
CUST-33353,One_Time_Buyer
CUST-33354,Discount_Seeker
CUST-33355,Regular
CUST-33356,One_Time_Buyer
CUST-33357,Discount_Seeker
CUST-33358,Regular
CUST-33359,Discount_Seeker
CUST-33360,VIP
CUST-33361,VIP
CUST-33362,Regular
CUST-33363,One_Time_Buyer
CUST-33364,Regular
CUST-33365,Discount_Seeker
CUST-33366,Regular
CUST-33367,Discount_Seeker
CUST-33368,Discount_Seeker
CUST-33369,Discount_Seeker
CUST-33370,Regular
CUST-33371,Discount_Seeker
CUST-33372,One_Time_Buyer
CUST-33373,Discount_Seeker
CUST-33374,Regular
CUST-33375,One_Time_Buyer
CUST-33376,VIP
CUST-33377,Discount_Seeker
CUST-33378,One_Time_Buyer
CUST-33379,VIP
CUST-33380,Regular
CUST-33381,Regular
CUST-33382,Discount_Seeker
CUST-33383,Discount_Seeker
CUST-33384,Regular
CUST-33385,Regular
CUST-33386,Regular
CUST-33387,Regular
CUST-33388,Regular
CUST-33389,One_Time_Buyer
CUST-33390,VIP
CUST-33391,One_Time_Buyer
CUST-33392,Discount_Seeker
CUST-33393,Regular
CUST-33394,Discount_Seeker
CUST-33395,Discount_Seeker
CUST-33396,Regular
CUST-33397,Regular
CUST-33398,Regular
CUST-33399,Regular
CUST-33400,VIP
CUST-33401,Regular
CUST-33402,VIP
CUST-33403,Regular
CUST-33404,VIP
CUST-33405,Regular
CUST-33406,Regular
CUST-33407,One_Time_Buyer
CUST-33408,VIP
CUST-33409,Discount_Seeker
CUST-33410,Regular
CUST-33411,One_Time_Buyer
CUST-33412,VIP
CUST-33413,One_Time_Buyer
CUST-33414,Discount_Seeker
CUST-33415,VIP
CUST-33416,One_Time_Buyer
CUST-33417,Discount_Seeker
CUST-33418,Regular
CUST-33419,Discount_Seeker
CUST-33420,One_Time_Buyer
CUST-33421,Regular
CUST-33422,Regular
CUST-33423,Discount_Seeker
CUST-33424,Discount_Seeker
CUST-33425,One_Time_Buyer
CUST-33426,Discount_Seeker
CUST-33427,Regular
CUST-33428,One_Time_Buyer
CUST-33429,Regular
CUST-33430,Regular
CUST-33431,Discount_Seeker
CUST-33432,Discount_Seeker
CUST-33433,VIP
CUST-33434,Discount_Seeker
CUST-33435,Regular
CUST-33436,Regular
CUST-33437,One_Time_Buyer
CUST-33438,Regular
CUST-33439,VIP
CUST-33440,Regular
CUST-33441,One_Time_Buyer
CUST-33442,VIP
CUST-33443,Regular
CUST-33444,Discount_Seeker
CUST-33445,Regular
CUST-33446,VIP
CUST-33447,Discount_Seeker
CUST-33448,Regular
CUST-33449,One_Time_Buyer
CUST-33450,Regular
CUST-33451,Regular
CUST-33452,Regular
CUST-33453,Regular
CUST-33454,Discount_Seeker
CUST-33455,Regular
CUST-33456,Regular
CUST-33457,Discount_Seeker
CUST-33458,Discount_Seeker
CUST-33459,Regular
CUST-33460,Regular
CUST-33461,Regular
CUST-33462,VIP
CUST-33463,VIP
CUST-33464,Discount_Seeker
CUST-33465,One_Time_Buyer
CUST-33466,Regular
CUST-33467,Regular
CUST-33468,Regular
CUST-33469,Regular
CUST-33470,VIP
CUST-33471,One_Time_Buyer
CUST-33472,Discount_Seeker
CUST-33473,One_Time_Buyer
CUST-33474,One_Time_Buyer
CUST-33475,Regular
CUST-33476,Discount_Seeker
CUST-33477,Regular
CUST-33478,Regular
CUST-33479,One_Time_Buyer
CUST-33480,VIP
CUST-33481,One_Time_Buyer
CUST-33482,Regular
CUST-33483,One_Time_Buyer
CUST-33484,One_Time_Buyer
CUST-33485,Discount_Seeker
CUST-33486,Discount_Seeker
CUST-33487,Regular
CUST-33488,One_Time_Buyer
CUST-33489,One_Time_Buyer
CUST-33490,Discount_Seeker
CUST-33491,Discount_Seeker
CUST-33492,Discount_Seeker
CUST-33493,One_Time_Buyer
CUST-33494,Discount_Seeker
CUST-33495,One_Time_Buyer
CUST-33496,Discount_Seeker
CUST-33497,VIP
CUST-33498,Regular
CUST-33499,Regular
CUST-33500,Regular
CUST-33501,Regular
CUST-33502,Discount_Seeker
CUST-33503,VIP
CUST-33504,Regular
CUST-33505,Discount_Seeker
CUST-33506,One_Time_Buyer
CUST-33507,Discount_Seeker
CUST-33508,One_Time_Buyer
CUST-33509,Discount_Seeker
CUST-33510,Regular
CUST-33511,Discount_Seeker
CUST-33512,Discount_Seeker
CUST-33513,Regular
CUST-33514,VIP
CUST-33515,Discount_Seeker
CUST-33516,VIP
CUST-33517,Discount_Seeker
CUST-33518,Regular
CUST-33519,Discount_Seeker
CUST-33520,Discount_Seeker
CUST-33521,VIP
CUST-33522,Regular
CUST-33523,Discount_Seeker
CUST-33524,One_Time_Buyer
CUST-33525,One_Time_Buyer
CUST-33526,Regular
CUST-33527,Discount_Seeker
CUST-33528,Regular
CUST-33529,Regular
CUST-33530,Regular
CUST-33531,Discount_Seeker
CUST-33532,Regular
CUST-33533,VIP
CUST-33534,Discount_Seeker
CUST-33535,Discount_Seeker
CUST-33536,Regular
CUST-33537,VIP
CUST-33538,Regular
CUST-33539,Regular
CUST-33540,Discount_Seeker
CUST-33541,Regular
CUST-33542,Discount_Seeker
CUST-33543,One_Time_Buyer
CUST-33544,Regular
CUST-33545,One_Time_Buyer
CUST-33546,Regular
CUST-33547,Regular
CUST-33548,Regular
CUST-33549,VIP
CUST-33550,Regular
CUST-33551,Regular
CUST-33552,Discount_Seeker
CUST-33553,One_Time_Buyer
CUST-33554,Discount_Seeker
CUST-33555,Regular
CUST-33556,Discount_Seeker
CUST-33557,Discount_Seeker
CUST-33558,One_Time_Buyer
CUST-33559,One_Time_Buyer
CUST-33560,One_Time_Buyer
CUST-33561,Regular
CUST-33562,Discount_Seeker
CUST-33563,Regular
CUST-33564,One_Time_Buyer
CUST-33565,Regular
CUST-33566,VIP
CUST-33567,Regular
CUST-33568,Discount_Seeker
CUST-33569,Regular
CUST-33570,Regular
CUST-33571,One_Time_Buyer
CUST-33572,One_Time_Buyer
CUST-33573,Regular
CUST-33574,Regular
CUST-33575,One_Time_Buyer
CUST-33576,One_Time_Buyer
CUST-33577,Discount_Seeker
CUST-33578,Discount_Seeker
CUST-33579,Regular
CUST-33580,One_Time_Buyer
CUST-33581,Discount_Seeker
CUST-33582,Discount_Seeker
CUST-33583,VIP
CUST-33584,One_Time_Buyer
CUST-33585,Discount_Seeker
CUST-33586,Regular
CUST-33587,Discount_Seeker
CUST-33588,Discount_Seeker
CUST-33589,Discount_Seeker
CUST-33590,Discount_Seeker
CUST-33591,Discount_Seeker
CUST-33592,One_Time_Buyer
CUST-33593,VIP
CUST-33594,Regular
CUST-33595,Regular
CUST-33596,Discount_Seeker
CUST-33597,Discount_Seeker
CUST-33598,One_Time_Buyer
CUST-33599,Discount_Seeker
CUST-33600,Discount_Seeker
CUST-33601,One_Time_Buyer
CUST-33602,Regular
CUST-33603,One_Time_Buyer
CUST-33604,Regular
CUST-33605,Discount_Seeker
CUST-33606,Discount_Seeker
CUST-33607,Discount_Seeker
CUST-33608,Regular
CUST-33609,Regular
CUST-33610,Discount_Seeker
CUST-33611,One_Time_Buyer
CUST-33612,Regular
CUST-33613,One_Time_Buyer
CUST-33614,Regular
CUST-33615,Discount_Seeker
CUST-33616,Discount_Seeker
CUST-33617,Discount_Seeker
CUST-33618,One_Time_Buyer
CUST-33619,Discount_Seeker
CUST-33620,Discount_Seeker
CUST-33621,VIP
CUST-33622,Regular
CUST-33623,Regular
CUST-33624,Discount_Seeker
CUST-33625,Regular
CUST-33626,Regular
CUST-33627,Regular
CUST-33628,Regular
CUST-33629,Regular
CUST-33630,One_Time_Buyer
CUST-33631,Discount_Seeker
CUST-33632,Discount_Seeker
CUST-33633,Discount_Seeker
CUST-33634,Regular
CUST-33635,One_Time_Buyer
CUST-33636,Regular
CUST-33637,Regular
CUST-33638,Discount_Seeker
CUST-33639,Regular
CUST-33640,Discount_Seeker
CUST-33641,Regular
CUST-33642,Discount_Seeker
CUST-33643,Regular
CUST-33644,Regular
CUST-33645,Discount_Seeker
CUST-33646,Regular
CUST-33647,Regular
CUST-33648,VIP
CUST-33649,Discount_Seeker
CUST-33650,Discount_Seeker
CUST-33651,Regular
CUST-33652,One_Time_Buyer
CUST-33653,One_Time_Buyer
CUST-33654,Discount_Seeker
CUST-33655,Discount_Seeker
CUST-33656,Regular
CUST-33657,Discount_Seeker
CUST-33658,Regular
CUST-33659,Regular
CUST-33660,One_Time_Buyer
CUST-33661,Discount_Seeker
CUST-33662,Regular
CUST-33663,Regular
CUST-33664,Discount_Seeker
CUST-33665,VIP
CUST-33666,VIP
CUST-33667,VIP
CUST-33668,Regular
CUST-33669,Discount_Seeker
CUST-33670,VIP
CUST-33671,Discount_Seeker
CUST-33672,Regular
CUST-33673,Discount_Seeker
CUST-33674,One_Time_Buyer
CUST-33675,Discount_Seeker
CUST-33676,One_Time_Buyer
CUST-33677,One_Time_Buyer
CUST-33678,Regular
CUST-33679,Discount_Seeker
CUST-33680,One_Time_Buyer
CUST-33681,Regular
CUST-33682,Regular
CUST-33683,One_Time_Buyer
CUST-33684,Discount_Seeker
CUST-33685,Regular
CUST-33686,Regular
CUST-33687,Discount_Seeker
CUST-33688,Discount_Seeker
CUST-33689,Discount_Seeker
CUST-33690,Discount_Seeker
CUST-33691,Discount_Seeker
CUST-33692,Discount_Seeker
CUST-33693,Discount_Seeker
CUST-33694,Discount_Seeker
CUST-33695,Discount_Seeker
CUST-33696,Regular
CUST-33697,Regular
CUST-33698,One_Time_Buyer
CUST-33699,Regular
CUST-33700,Regular
CUST-33701,Regular
CUST-33702,One_Time_Buyer
CUST-33703,Regular
CUST-33704,Regular
CUST-33705,VIP
CUST-33706,Discount_Seeker
CUST-33707,Regular
CUST-33708,Regular
CUST-33709,Regular
CUST-33710,One_Time_Buyer
CUST-33711,Regular
CUST-33712,Regular
CUST-33713,Discount_Seeker
CUST-33714,One_Time_Buyer
CUST-33715,Discount_Seeker
CUST-33716,One_Time_Buyer
CUST-33717,One_Time_Buyer
CUST-33718,VIP
CUST-33719,Discount_Seeker
CUST-33720,Regular
CUST-33721,Discount_Seeker
CUST-33722,Regular
CUST-33723,Regular
CUST-33724,One_Time_Buyer
CUST-33725,Regular
CUST-33726,One_Time_Buyer
CUST-33727,VIP
CUST-33728,VIP
CUST-33729,One_Time_Buyer
CUST-33730,Discount_Seeker
CUST-33731,Discount_Seeker
CUST-33732,Regular
CUST-33733,Discount_Seeker
CUST-33734,Discount_Seeker
CUST-33735,Discount_Seeker
CUST-33736,Regular
CUST-33737,One_Time_Buyer
CUST-33738,Discount_Seeker
CUST-33739,One_Time_Buyer
CUST-33740,Discount_Seeker
CUST-33741,Discount_Seeker
CUST-33742,VIP
CUST-33743,Regular
CUST-33744,One_Time_Buyer
CUST-33745,Regular
CUST-33746,Regular
CUST-33747,Regular
CUST-33748,Regular
CUST-33749,One_Time_Buyer
CUST-33750,One_Time_Buyer
CUST-33751,Regular
CUST-33752,VIP
CUST-33753,Discount_Seeker
CUST-33754,Discount_Seeker
CUST-33755,One_Time_Buyer
CUST-33756,Discount_Seeker
CUST-33757,Regular
CUST-33758,Discount_Seeker
CUST-33759,One_Time_Buyer
CUST-33760,Discount_Seeker
CUST-33761,Discount_Seeker
CUST-33762,Regular
CUST-33763,Discount_Seeker
CUST-33764,Discount_Seeker
CUST-33765,Regular
CUST-33766,Regular
CUST-33767,Regular
CUST-33768,Regular
CUST-33769,VIP
CUST-33770,Regular
CUST-33771,Discount_Seeker
CUST-33772,VIP
CUST-33773,Regular
CUST-33774,One_Time_Buyer
CUST-33775,Discount_Seeker
CUST-33776,Discount_Seeker
CUST-33777,Regular
CUST-33778,Discount_Seeker
CUST-33779,Regular
CUST-33780,One_Time_Buyer
CUST-33781,Regular
CUST-33782,Discount_Seeker
CUST-33783,Regular
CUST-33784,Discount_Seeker
CUST-33785,Discount_Seeker
CUST-33786,Regular
CUST-33787,Regular
CUST-33788,Discount_Seeker
CUST-33789,One_Time_Buyer
CUST-33790,One_Time_Buyer
CUST-33791,VIP
CUST-33792,Regular
CUST-33793,One_Time_Buyer
CUST-33794,Discount_Seeker
CUST-33795,Discount_Seeker
CUST-33796,One_Time_Buyer
CUST-33797,One_Time_Buyer
CUST-33798,Discount_Seeker
CUST-33799,Regular
CUST-33800,Regular
CUST-33801,Discount_Seeker
CUST-33802,Regular
CUST-33803,Regular
CUST-33804,Regular
CUST-33805,Regular
CUST-33806,Discount_Seeker
CUST-33807,Discount_Seeker
CUST-33808,Regular
CUST-33809,Regular
CUST-33810,One_Time_Buyer
CUST-33811,VIP
CUST-33812,Discount_Seeker
CUST-33813,One_Time_Buyer
CUST-33814,Regular
CUST-33815,Discount_Seeker
CUST-33816,One_Time_Buyer
CUST-33817,Regular
CUST-33818,Discount_Seeker
CUST-33819,Regular
CUST-33820,Regular
CUST-33821,One_Time_Buyer
CUST-33822,One_Time_Buyer
CUST-33823,Discount_Seeker
CUST-33824,Regular
CUST-33825,VIP
CUST-33826,Discount_Seeker
CUST-33827,VIP
CUST-33828,Discount_Seeker
CUST-33829,Discount_Seeker
CUST-33830,Discount_Seeker
CUST-33831,Discount_Seeker
CUST-33832,Regular
CUST-33833,Regular
CUST-33834,Regular
CUST-33835,Discount_Seeker
CUST-33836,Discount_Seeker
CUST-33837,Discount_Seeker
CUST-33838,Discount_Seeker
CUST-33839,One_Time_Buyer
CUST-33840,Regular
CUST-33841,VIP
CUST-33842,Regular
CUST-33843,Discount_Seeker
CUST-33844,Regular
CUST-33845,One_Time_Buyer
CUST-33846,Discount_Seeker
CUST-33847,One_Time_Buyer
CUST-33848,One_Time_Buyer
CUST-33849,VIP
CUST-33850,Regular
CUST-33851,Discount_Seeker
CUST-33852,Regular
CUST-33853,Regular
CUST-33854,Discount_Seeker
CUST-33855,Regular
CUST-33856,Discount_Seeker
CUST-33857,Discount_Seeker
CUST-33858,VIP
CUST-33859,Regular
CUST-33860,Regular
CUST-33861,Discount_Seeker
CUST-33862,Regular
CUST-33863,One_Time_Buyer
CUST-33864,Regular
CUST-33865,Regular
CUST-33866,Regular
CUST-33867,Regular
CUST-33868,Regular
CUST-33869,Discount_Seeker
CUST-33870,Discount_Seeker
CUST-33871,Regular
CUST-33872,VIP
CUST-33873,Discount_Seeker
CUST-33874,Discount_Seeker
CUST-33875,Regular
CUST-33876,One_Time_Buyer
CUST-33877,Regular
CUST-33878,Discount_Seeker
CUST-33879,Regular
CUST-33880,VIP
CUST-33881,One_Time_Buyer
CUST-33882,Regular
CUST-33883,Discount_Seeker
CUST-33884,Regular
CUST-33885,Discount_Seeker
CUST-33886,One_Time_Buyer
CUST-33887,VIP
CUST-33888,One_Time_Buyer
CUST-33889,Discount_Seeker
CUST-33890,Discount_Seeker
CUST-33891,Discount_Seeker
CUST-33892,One_Time_Buyer
CUST-33893,VIP
CUST-33894,Regular
CUST-33895,One_Time_Buyer
CUST-33896,Discount_Seeker
CUST-33897,VIP
CUST-33898,Discount_Seeker
CUST-33899,Discount_Seeker
CUST-33900,Regular
CUST-33901,Regular
CUST-33902,Discount_Seeker
CUST-33903,Regular
CUST-33904,Discount_Seeker
CUST-33905,One_Time_Buyer
CUST-33906,Regular
CUST-33907,Regular
CUST-33908,Regular
CUST-33909,Regular
CUST-33910,Discount_Seeker
CUST-33911,Regular
CUST-33912,Discount_Seeker
CUST-33913,Regular
CUST-33914,Regular
CUST-33915,VIP
CUST-33916,VIP
CUST-33917,Regular
CUST-33918,Regular
CUST-33919,One_Time_Buyer
CUST-33920,Discount_Seeker
CUST-33921,Regular
CUST-33922,Regular
CUST-33923,Regular
CUST-33924,Regular
CUST-33925,Regular
CUST-33926,Regular
CUST-33927,Regular
CUST-33928,Regular
CUST-33929,VIP
CUST-33930,Regular
CUST-33931,Discount_Seeker
CUST-33932,Regular
CUST-33933,Regular
CUST-33934,Discount_Seeker
CUST-33935,One_Time_Buyer
CUST-33936,One_Time_Buyer
CUST-33937,Discount_Seeker
CUST-33938,VIP
CUST-33939,Discount_Seeker
CUST-33940,Discount_Seeker
CUST-33941,VIP
CUST-33942,Discount_Seeker
CUST-33943,One_Time_Buyer
CUST-33944,Regular
CUST-33945,VIP
CUST-33946,VIP
CUST-33947,Regular
CUST-33948,Regular
CUST-33949,Discount_Seeker
CUST-33950,Discount_Seeker
CUST-33951,Regular
CUST-33952,One_Time_Buyer
CUST-33953,Regular
CUST-33954,Regular
CUST-33955,Discount_Seeker
CUST-33956,Discount_Seeker
CUST-33957,Discount_Seeker
CUST-33958,One_Time_Buyer
CUST-33959,Discount_Seeker
CUST-33960,One_Time_Buyer
CUST-33961,Regular
CUST-33962,Discount_Seeker
CUST-33963,One_Time_Buyer
CUST-33964,Discount_Seeker
CUST-33965,Regular
CUST-33966,Discount_Seeker
CUST-33967,Discount_Seeker
CUST-33968,Regular
CUST-33969,One_Time_Buyer
CUST-33970,Regular
CUST-33971,Regular
CUST-33972,One_Time_Buyer
CUST-33973,Regular
CUST-33974,VIP
CUST-33975,Discount_Seeker
CUST-33976,Discount_Seeker
CUST-33977,VIP
CUST-33978,One_Time_Buyer
CUST-33979,Discount_Seeker
CUST-33980,Discount_Seeker
CUST-33981,Discount_Seeker
CUST-33982,Discount_Seeker
CUST-33983,Regular
CUST-33984,Regular
CUST-33985,Discount_Seeker
CUST-33986,One_Time_Buyer
CUST-33987,VIP
CUST-33988,Discount_Seeker
CUST-33989,One_Time_Buyer
CUST-33990,Regular
CUST-33991,VIP
CUST-33992,Regular
CUST-33993,Discount_Seeker
CUST-33994,Regular
CUST-33995,Regular
CUST-33996,Discount_Seeker
CUST-33997,Discount_Seeker
CUST-33998,Regular
CUST-33999,Regular
CUST-34000,Discount_Seeker
CUST-34001,One_Time_Buyer
CUST-34002,One_Time_Buyer
CUST-34003,Discount_Seeker
CUST-34004,Regular
CUST-34005,Regular
CUST-34006,Regular
CUST-34007,Regular
CUST-34008,Discount_Seeker
CUST-34009,Regular
CUST-34010,Regular
CUST-34011,One_Time_Buyer
CUST-34012,Regular
CUST-34013,Regular
CUST-34014,VIP
CUST-34015,Discount_Seeker
CUST-34016,Discount_Seeker
CUST-34017,Regular
CUST-34018,Discount_Seeker
CUST-34019,Discount_Seeker
CUST-34020,One_Time_Buyer
CUST-34021,One_Time_Buyer
CUST-34022,One_Time_Buyer
CUST-34023,Discount_Seeker
CUST-34024,Regular
CUST-34025,VIP
CUST-34026,VIP
CUST-34027,Discount_Seeker
CUST-34028,One_Time_Buyer
CUST-34029,Discount_Seeker
CUST-34030,VIP
CUST-34031,Discount_Seeker
CUST-34032,One_Time_Buyer
CUST-34033,Discount_Seeker
CUST-34034,One_Time_Buyer
CUST-34035,One_Time_Buyer
CUST-34036,One_Time_Buyer
CUST-34037,Discount_Seeker
CUST-34038,Discount_Seeker
CUST-34039,Regular
CUST-34040,VIP
CUST-34041,Discount_Seeker
CUST-34042,Regular
CUST-34043,One_Time_Buyer
CUST-34044,Regular
CUST-34045,One_Time_Buyer
CUST-34046,Regular
CUST-34047,Regular
CUST-34048,One_Time_Buyer
CUST-34049,Regular
CUST-34050,Regular
CUST-34051,Regular
CUST-34052,Discount_Seeker
CUST-34053,Regular
CUST-34054,Discount_Seeker
CUST-34055,Discount_Seeker
CUST-34056,Discount_Seeker
CUST-34057,Discount_Seeker
CUST-34058,Discount_Seeker
CUST-34059,Regular
CUST-34060,One_Time_Buyer
CUST-34061,Regular
CUST-34062,Discount_Seeker
CUST-34063,Regular
CUST-34064,One_Time_Buyer
CUST-34065,Regular
CUST-34066,Regular
CUST-34067,Discount_Seeker
CUST-34068,Discount_Seeker
CUST-34069,Regular
CUST-34070,Discount_Seeker
CUST-34071,Discount_Seeker
CUST-34072,One_Time_Buyer
CUST-34073,Discount_Seeker
CUST-34074,Regular
CUST-34075,Regular
CUST-34076,One_Time_Buyer
CUST-34077,One_Time_Buyer
CUST-34078,Regular
CUST-34079,Regular
CUST-34080,Discount_Seeker
CUST-34081,Regular
CUST-34082,Regular
CUST-34083,Regular
CUST-34084,Regular
CUST-34085,Regular
CUST-34086,Discount_Seeker
CUST-34087,Regular
CUST-34088,Regular
CUST-34089,Regular
CUST-34090,Regular
CUST-34091,Regular
CUST-34092,Regular
CUST-34093,Discount_Seeker
CUST-34094,VIP
CUST-34095,VIP
CUST-34096,VIP
CUST-34097,Discount_Seeker
CUST-34098,One_Time_Buyer
CUST-34099,VIP
CUST-34100,One_Time_Buyer
CUST-34101,Regular
CUST-34102,One_Time_Buyer
CUST-34103,Regular
CUST-34104,Discount_Seeker
CUST-34105,Discount_Seeker
CUST-34106,Regular
CUST-34107,One_Time_Buyer
CUST-34108,Discount_Seeker
CUST-34109,Regular
CUST-34110,Regular
CUST-34111,Regular
CUST-34112,One_Time_Buyer
CUST-34113,Discount_Seeker
CUST-34114,Regular
CUST-34115,Discount_Seeker
CUST-34116,One_Time_Buyer
CUST-34117,Discount_Seeker
CUST-34118,Discount_Seeker
CUST-34119,Discount_Seeker
CUST-34120,Regular
CUST-34121,Regular
CUST-34122,One_Time_Buyer
CUST-34123,Regular
CUST-34124,One_Time_Buyer
CUST-34125,VIP
CUST-34126,VIP
CUST-34127,One_Time_Buyer
CUST-34128,Discount_Seeker
CUST-34129,Regular
CUST-34130,Discount_Seeker
CUST-34131,Discount_Seeker
CUST-34132,Discount_Seeker
CUST-34133,VIP
CUST-34134,One_Time_Buyer
CUST-34135,One_Time_Buyer
CUST-34136,Regular
CUST-34137,One_Time_Buyer
CUST-34138,One_Time_Buyer
CUST-34139,Discount_Seeker
CUST-34140,Discount_Seeker
CUST-34141,Regular
CUST-34142,Regular
CUST-34143,Discount_Seeker
CUST-34144,One_Time_Buyer
CUST-34145,Discount_Seeker
CUST-34146,Discount_Seeker
CUST-34147,Regular
CUST-34148,VIP
CUST-34149,Regular
CUST-34150,VIP
CUST-34151,Discount_Seeker
CUST-34152,Regular
CUST-34153,Discount_Seeker
CUST-34154,Regular
CUST-34155,Discount_Seeker
CUST-34156,Discount_Seeker
CUST-34157,VIP
CUST-34158,VIP
CUST-34159,Regular
CUST-34160,One_Time_Buyer
CUST-34161,Regular
CUST-34162,Discount_Seeker
CUST-34163,One_Time_Buyer
CUST-34164,Discount_Seeker
CUST-34165,Regular
CUST-34166,One_Time_Buyer
CUST-34167,VIP
CUST-34168,Regular
CUST-34169,One_Time_Buyer
CUST-34170,Discount_Seeker
CUST-34171,Regular
CUST-34172,Regular
CUST-34173,Regular
CUST-34174,Discount_Seeker
CUST-34175,Regular
CUST-34176,One_Time_Buyer
CUST-34177,One_Time_Buyer
CUST-34178,One_Time_Buyer
CUST-34179,Regular
CUST-34180,Discount_Seeker
CUST-34181,One_Time_Buyer
CUST-34182,One_Time_Buyer
CUST-34183,Regular
CUST-34184,Regular
CUST-34185,VIP
CUST-34186,Discount_Seeker
CUST-34187,Discount_Seeker
CUST-34188,One_Time_Buyer
CUST-34189,Regular
CUST-34190,Regular
CUST-34191,Regular
CUST-34192,Regular
CUST-34193,Regular
CUST-34194,Discount_Seeker
CUST-34195,Discount_Seeker
CUST-34196,Discount_Seeker
CUST-34197,Regular
CUST-34198,Regular
CUST-34199,Regular
CUST-34200,One_Time_Buyer
CUST-34201,VIP
CUST-34202,One_Time_Buyer
CUST-34203,Regular
CUST-34204,One_Time_Buyer
CUST-34205,One_Time_Buyer
CUST-34206,Regular
CUST-34207,Discount_Seeker
CUST-34208,Regular
CUST-34209,One_Time_Buyer
CUST-34210,Regular
CUST-34211,Regular
CUST-34212,Discount_Seeker
CUST-34213,One_Time_Buyer
CUST-34214,Regular
CUST-34215,Discount_Seeker
CUST-34216,Regular
CUST-34217,Regular
CUST-34218,Discount_Seeker
CUST-34219,Regular
CUST-34220,Regular
CUST-34221,One_Time_Buyer
CUST-34222,Regular
CUST-34223,Discount_Seeker
CUST-34224,Regular
CUST-34225,VIP
CUST-34226,Regular
CUST-34227,Discount_Seeker
CUST-34228,Discount_Seeker
CUST-34229,VIP
CUST-34230,VIP
CUST-34231,One_Time_Buyer
CUST-34232,VIP
CUST-34233,One_Time_Buyer
CUST-34234,Regular
CUST-34235,Discount_Seeker
CUST-34236,Regular
CUST-34237,One_Time_Buyer
CUST-34238,Discount_Seeker
CUST-34239,Regular
CUST-34240,VIP
CUST-34241,Discount_Seeker
CUST-34242,Discount_Seeker
CUST-34243,VIP
CUST-34244,VIP
CUST-34245,One_Time_Buyer
CUST-34246,Regular
CUST-34247,Discount_Seeker
CUST-34248,Regular
CUST-34249,One_Time_Buyer
CUST-34250,One_Time_Buyer
CUST-34251,One_Time_Buyer
CUST-34252,Regular
CUST-34253,One_Time_Buyer
CUST-34254,Regular
CUST-34255,Discount_Seeker
CUST-34256,Discount_Seeker
CUST-34257,VIP
CUST-34258,One_Time_Buyer
CUST-34259,VIP
CUST-34260,Discount_Seeker
CUST-34261,Discount_Seeker
CUST-34262,Discount_Seeker
CUST-34263,Regular
CUST-34264,Regular
CUST-34265,One_Time_Buyer
CUST-34266,Regular
CUST-34267,Regular
CUST-34268,Regular
CUST-34269,Regular
CUST-34270,One_Time_Buyer
CUST-34271,Regular
CUST-34272,Discount_Seeker
CUST-34273,Regular
CUST-34274,Regular
CUST-34275,VIP
CUST-34276,Regular
CUST-34277,Regular
CUST-34278,Discount_Seeker
CUST-34279,Regular
CUST-34280,Regular
CUST-34281,Regular
CUST-34282,Regular
CUST-34283,One_Time_Buyer
CUST-34284,Discount_Seeker
CUST-34285,VIP
CUST-34286,VIP
CUST-34287,One_Time_Buyer
CUST-34288,Regular
CUST-34289,One_Time_Buyer
CUST-34290,VIP
CUST-34291,One_Time_Buyer
CUST-34292,One_Time_Buyer
CUST-34293,Discount_Seeker
CUST-34294,VIP
CUST-34295,Regular
CUST-34296,Regular
CUST-34297,Regular
CUST-34298,Regular
CUST-34299,VIP
CUST-34300,Discount_Seeker
CUST-34301,Discount_Seeker
CUST-34302,Regular
CUST-34303,VIP
CUST-34304,One_Time_Buyer
CUST-34305,Regular
CUST-34306,Discount_Seeker
CUST-34307,Regular
CUST-34308,VIP
CUST-34309,Regular
CUST-34310,Regular
CUST-34311,One_Time_Buyer
CUST-34312,Discount_Seeker
CUST-34313,Regular
CUST-34314,One_Time_Buyer
CUST-34315,Regular
CUST-34316,One_Time_Buyer
CUST-34317,One_Time_Buyer
CUST-34318,Regular
CUST-34319,Regular
CUST-34320,Regular
CUST-34321,Discount_Seeker
CUST-34322,Discount_Seeker
CUST-34323,One_Time_Buyer
CUST-34324,Discount_Seeker
CUST-34325,Regular
CUST-34326,Regular
CUST-34327,Discount_Seeker
CUST-34328,Regular
CUST-34329,Discount_Seeker
CUST-34330,Regular
CUST-34331,Regular
CUST-34332,VIP
CUST-34333,Discount_Seeker
CUST-34334,Regular
CUST-34335,Discount_Seeker
CUST-34336,Regular
CUST-34337,Discount_Seeker
CUST-34338,Discount_Seeker
CUST-34339,VIP
CUST-34340,Discount_Seeker
CUST-34341,VIP
CUST-34342,Regular
CUST-34343,Regular
CUST-34344,Discount_Seeker
CUST-34345,One_Time_Buyer
CUST-34346,Discount_Seeker
CUST-34347,Discount_Seeker
CUST-34348,Discount_Seeker
CUST-34349,VIP
CUST-34350,One_Time_Buyer
CUST-34351,Regular
CUST-34352,One_Time_Buyer
CUST-34353,Discount_Seeker
CUST-34354,Discount_Seeker
CUST-34355,Discount_Seeker
CUST-34356,Regular
CUST-34357,Discount_Seeker
CUST-34358,VIP
CUST-34359,Discount_Seeker
CUST-34360,Discount_Seeker
CUST-34361,One_Time_Buyer
CUST-34362,Discount_Seeker
CUST-34363,VIP
CUST-34364,Regular
CUST-34365,Discount_Seeker
CUST-34366,Regular
CUST-34367,Regular
CUST-34368,One_Time_Buyer
CUST-34369,Discount_Seeker
CUST-34370,Discount_Seeker
CUST-34371,Regular
CUST-34372,Discount_Seeker
CUST-34373,Regular
CUST-34374,Discount_Seeker
CUST-34375,VIP
CUST-34376,One_Time_Buyer
CUST-34377,Regular
CUST-34378,Regular
CUST-34379,Discount_Seeker
CUST-34380,Discount_Seeker
CUST-34381,Regular
CUST-34382,Discount_Seeker
CUST-34383,Regular
CUST-34384,One_Time_Buyer
CUST-34385,One_Time_Buyer
CUST-34386,Regular
CUST-34387,One_Time_Buyer
CUST-34388,Regular
CUST-34389,Regular
CUST-34390,One_Time_Buyer
CUST-34391,Discount_Seeker
CUST-34392,Regular
CUST-34393,Regular
CUST-34394,Regular
CUST-34395,One_Time_Buyer
CUST-34396,Regular
CUST-34397,Regular
CUST-34398,Regular
CUST-34399,Regular
CUST-34400,Regular
CUST-34401,Regular
CUST-34402,Regular
CUST-34403,Regular
CUST-34404,One_Time_Buyer
CUST-34405,Regular
CUST-34406,Discount_Seeker
CUST-34407,Discount_Seeker
CUST-34408,One_Time_Buyer
CUST-34409,One_Time_Buyer
CUST-34410,Regular
CUST-34411,Regular
CUST-34412,Regular
CUST-34413,Regular
CUST-34414,Discount_Seeker
CUST-34415,Discount_Seeker
CUST-34416,One_Time_Buyer
CUST-34417,VIP
CUST-34418,One_Time_Buyer
CUST-34419,Regular
CUST-34420,Regular
CUST-34421,Regular
CUST-34422,Discount_Seeker
CUST-34423,Regular
CUST-34424,One_Time_Buyer
CUST-34425,One_Time_Buyer
CUST-34426,One_Time_Buyer
CUST-34427,VIP
CUST-34428,One_Time_Buyer
CUST-34429,Discount_Seeker
CUST-34430,Regular
CUST-34431,Regular
CUST-34432,Regular
CUST-34433,VIP
CUST-34434,Discount_Seeker
CUST-34435,One_Time_Buyer
CUST-34436,Regular
CUST-34437,Discount_Seeker
CUST-34438,One_Time_Buyer
CUST-34439,Regular
CUST-34440,One_Time_Buyer
CUST-34441,Discount_Seeker
CUST-34442,Discount_Seeker
CUST-34443,Regular
CUST-34444,Discount_Seeker
CUST-34445,VIP
CUST-34446,Discount_Seeker
CUST-34447,Regular
CUST-34448,One_Time_Buyer
CUST-34449,Regular
CUST-34450,Regular
CUST-34451,Discount_Seeker
CUST-34452,Regular
CUST-34453,Discount_Seeker
CUST-34454,One_Time_Buyer
CUST-34455,Discount_Seeker
CUST-34456,VIP
CUST-34457,Discount_Seeker
CUST-34458,Discount_Seeker
CUST-34459,One_Time_Buyer
CUST-34460,VIP
CUST-34461,Regular
CUST-34462,Discount_Seeker
CUST-34463,Regular
CUST-34464,Regular
CUST-34465,Regular
CUST-34466,One_Time_Buyer
CUST-34467,One_Time_Buyer
CUST-34468,Discount_Seeker
CUST-34469,Regular
CUST-34470,Regular
CUST-34471,One_Time_Buyer
CUST-34472,One_Time_Buyer
CUST-34473,One_Time_Buyer
CUST-34474,Discount_Seeker
CUST-34475,Regular
CUST-34476,One_Time_Buyer
CUST-34477,Regular
CUST-34478,Regular
CUST-34479,Discount_Seeker
CUST-34480,VIP
CUST-34481,VIP
CUST-34482,Regular
CUST-34483,Regular
CUST-34484,One_Time_Buyer
CUST-34485,Regular
CUST-34486,Regular
CUST-34487,Regular
CUST-34488,VIP
CUST-34489,VIP
CUST-34490,Discount_Seeker
CUST-34491,Regular
CUST-34492,Discount_Seeker
CUST-34493,One_Time_Buyer
CUST-34494,Discount_Seeker
CUST-34495,VIP
CUST-34496,Regular
CUST-34497,One_Time_Buyer
CUST-34498,Discount_Seeker
CUST-34499,One_Time_Buyer
CUST-34500,One_Time_Buyer
CUST-34501,One_Time_Buyer
CUST-34502,One_Time_Buyer
CUST-34503,Discount_Seeker
CUST-34504,Regular
CUST-34505,One_Time_Buyer
CUST-34506,Discount_Seeker
CUST-34507,VIP
CUST-34508,Discount_Seeker
CUST-34509,Discount_Seeker
CUST-34510,One_Time_Buyer
CUST-34511,Discount_Seeker
CUST-34512,Regular
CUST-34513,One_Time_Buyer
CUST-34514,One_Time_Buyer
CUST-34515,Discount_Seeker
CUST-34516,Regular
CUST-34517,Regular
CUST-34518,Discount_Seeker
CUST-34519,VIP
CUST-34520,Regular
CUST-34521,Discount_Seeker
CUST-34522,Regular
CUST-34523,Regular
CUST-34524,Regular
CUST-34525,Regular
CUST-34526,Discount_Seeker
CUST-34527,Regular
CUST-34528,VIP
CUST-34529,Discount_Seeker
CUST-34530,One_Time_Buyer
CUST-34531,Discount_Seeker
CUST-34532,Regular
CUST-34533,Regular
CUST-34534,One_Time_Buyer
CUST-34535,Regular
CUST-34536,Discount_Seeker
CUST-34537,Regular
CUST-34538,Regular
CUST-34539,One_Time_Buyer
CUST-34540,Discount_Seeker
CUST-34541,Discount_Seeker
CUST-34542,Regular
CUST-34543,VIP
CUST-34544,Discount_Seeker
CUST-34545,Discount_Seeker
CUST-34546,Regular
CUST-34547,VIP
CUST-34548,VIP
CUST-34549,One_Time_Buyer
CUST-34550,Discount_Seeker
CUST-34551,One_Time_Buyer
CUST-34552,Regular
CUST-34553,One_Time_Buyer
CUST-34554,Regular
CUST-34555,Discount_Seeker
CUST-34556,One_Time_Buyer
CUST-34557,Regular
CUST-34558,Regular
CUST-34559,Regular
CUST-34560,Regular
CUST-34561,Discount_Seeker
CUST-34562,Discount_Seeker
CUST-34563,Discount_Seeker
CUST-34564,Discount_Seeker
CUST-34565,Discount_Seeker
CUST-34566,VIP
CUST-34567,Regular
CUST-34568,One_Time_Buyer
CUST-34569,VIP
CUST-34570,Discount_Seeker
CUST-34571,Regular
CUST-34572,Discount_Seeker
CUST-34573,Discount_Seeker
CUST-34574,Regular
CUST-34575,Regular
CUST-34576,Discount_Seeker
CUST-34577,Regular
CUST-34578,Regular
CUST-34579,Discount_Seeker
CUST-34580,Regular
CUST-34581,One_Time_Buyer
CUST-34582,Discount_Seeker
CUST-34583,Regular
CUST-34584,Discount_Seeker
CUST-34585,Discount_Seeker
CUST-34586,Regular
CUST-34587,Regular
CUST-34588,Regular
CUST-34589,Regular
CUST-34590,Regular
CUST-34591,Regular
CUST-34592,Regular
CUST-34593,Discount_Seeker
CUST-34594,Discount_Seeker
CUST-34595,Discount_Seeker
CUST-34596,Discount_Seeker
CUST-34597,One_Time_Buyer
CUST-34598,Discount_Seeker
CUST-34599,Discount_Seeker
CUST-34600,Regular
CUST-34601,One_Time_Buyer
CUST-34602,VIP
CUST-34603,Regular
CUST-34604,Discount_Seeker
CUST-34605,VIP
CUST-34606,Regular
CUST-34607,Discount_Seeker
CUST-34608,Discount_Seeker
CUST-34609,Discount_Seeker
CUST-34610,One_Time_Buyer
CUST-34611,Regular
CUST-34612,VIP
CUST-34613,Discount_Seeker
CUST-34614,Regular
CUST-34615,Discount_Seeker
CUST-34616,Regular
CUST-34617,Regular
CUST-34618,Discount_Seeker
CUST-34619,Discount_Seeker
CUST-34620,Discount_Seeker
CUST-34621,Regular
CUST-34622,Regular
CUST-34623,VIP
CUST-34624,VIP
CUST-34625,Regular
CUST-34626,Regular
CUST-34627,Discount_Seeker
CUST-34628,Regular
CUST-34629,Discount_Seeker
CUST-34630,One_Time_Buyer
CUST-34631,Regular
CUST-34632,Regular
CUST-34633,Regular
CUST-34634,Discount_Seeker
CUST-34635,Regular
CUST-34636,Regular
CUST-34637,Discount_Seeker
CUST-34638,Regular
CUST-34639,Discount_Seeker
CUST-34640,Discount_Seeker
CUST-34641,Discount_Seeker
CUST-34642,VIP
CUST-34643,One_Time_Buyer
CUST-34644,Discount_Seeker
CUST-34645,Regular
CUST-34646,Regular
CUST-34647,Regular
CUST-34648,One_Time_Buyer
CUST-34649,One_Time_Buyer
CUST-34650,Discount_Seeker
CUST-34651,One_Time_Buyer
CUST-34652,VIP
CUST-34653,VIP
CUST-34654,One_Time_Buyer
CUST-34655,Discount_Seeker
CUST-34656,Regular
CUST-34657,Discount_Seeker
CUST-34658,One_Time_Buyer
CUST-34659,Discount_Seeker
CUST-34660,One_Time_Buyer
CUST-34661,Discount_Seeker
CUST-34662,Regular
CUST-34663,One_Time_Buyer
CUST-34664,Regular
CUST-34665,One_Time_Buyer
CUST-34666,Regular
CUST-34667,Discount_Seeker
CUST-34668,Regular
CUST-34669,VIP
CUST-34670,Regular
CUST-34671,One_Time_Buyer
CUST-34672,One_Time_Buyer
CUST-34673,Regular
CUST-34674,One_Time_Buyer
CUST-34675,One_Time_Buyer
CUST-34676,Discount_Seeker
CUST-34677,VIP
CUST-34678,One_Time_Buyer
CUST-34679,Discount_Seeker
CUST-34680,One_Time_Buyer
CUST-34681,One_Time_Buyer
CUST-34682,One_Time_Buyer
CUST-34683,Discount_Seeker
CUST-34684,Regular
CUST-34685,Regular
CUST-34686,Regular
CUST-34687,VIP
CUST-34688,Discount_Seeker
CUST-34689,Discount_Seeker
CUST-34690,One_Time_Buyer
CUST-34691,Regular
CUST-34692,Discount_Seeker
CUST-34693,VIP
CUST-34694,VIP
CUST-34695,VIP
CUST-34696,Discount_Seeker
CUST-34697,VIP
CUST-34698,Discount_Seeker
CUST-34699,Regular
CUST-34700,One_Time_Buyer
CUST-34701,One_Time_Buyer
CUST-34702,One_Time_Buyer
CUST-34703,One_Time_Buyer
CUST-34704,One_Time_Buyer
CUST-34705,One_Time_Buyer
CUST-34706,Discount_Seeker
CUST-34707,Regular
CUST-34708,Regular
CUST-34709,Regular
CUST-34710,Discount_Seeker
CUST-34711,Discount_Seeker
CUST-34712,One_Time_Buyer
CUST-34713,One_Time_Buyer
CUST-34714,Regular
CUST-34715,Discount_Seeker
CUST-34716,One_Time_Buyer
CUST-34717,Regular
CUST-34718,Discount_Seeker
CUST-34719,Regular
CUST-34720,Discount_Seeker
CUST-34721,Regular
CUST-34722,One_Time_Buyer
CUST-34723,Discount_Seeker
CUST-34724,Regular
CUST-34725,Regular
CUST-34726,Regular
CUST-34727,One_Time_Buyer
CUST-34728,Discount_Seeker
CUST-34729,Regular
CUST-34730,Regular
CUST-34731,Discount_Seeker
CUST-34732,Discount_Seeker
CUST-34733,Discount_Seeker
CUST-34734,Regular
CUST-34735,Discount_Seeker
CUST-34736,Discount_Seeker
CUST-34737,One_Time_Buyer
CUST-34738,One_Time_Buyer
CUST-34739,Discount_Seeker
CUST-34740,Discount_Seeker
CUST-34741,Regular
CUST-34742,One_Time_Buyer
CUST-34743,Regular
CUST-34744,Regular
CUST-34745,Regular
CUST-34746,One_Time_Buyer
CUST-34747,Regular
CUST-34748,Regular
CUST-34749,Regular
CUST-34750,VIP
CUST-34751,Regular
CUST-34752,One_Time_Buyer
CUST-34753,One_Time_Buyer
CUST-34754,Regular
CUST-34755,One_Time_Buyer
CUST-34756,Discount_Seeker
CUST-34757,Regular
CUST-34758,Discount_Seeker
CUST-34759,One_Time_Buyer
CUST-34760,Regular
CUST-34761,Regular
CUST-34762,One_Time_Buyer
CUST-34763,Discount_Seeker
CUST-34764,Regular
CUST-34765,Discount_Seeker
CUST-34766,Discount_Seeker
CUST-34767,One_Time_Buyer
CUST-34768,Discount_Seeker
CUST-34769,Regular
CUST-34770,Discount_Seeker
CUST-34771,Discount_Seeker
CUST-34772,Regular
CUST-34773,Discount_Seeker
CUST-34774,One_Time_Buyer
CUST-34775,VIP
CUST-34776,Discount_Seeker
CUST-34777,Regular
CUST-34778,Regular
CUST-34779,Regular
CUST-34780,Regular
CUST-34781,One_Time_Buyer
CUST-34782,Regular
CUST-34783,Discount_Seeker
CUST-34784,VIP
CUST-34785,One_Time_Buyer
CUST-34786,Discount_Seeker
CUST-34787,Discount_Seeker
CUST-34788,Regular
CUST-34789,Regular
CUST-34790,Regular
CUST-34791,One_Time_Buyer
CUST-34792,Regular
CUST-34793,Discount_Seeker
CUST-34794,Discount_Seeker
CUST-34795,Regular
CUST-34796,Discount_Seeker
CUST-34797,Discount_Seeker
CUST-34798,Discount_Seeker
CUST-34799,Regular
CUST-34800,Regular
CUST-34801,Regular
CUST-34802,One_Time_Buyer
CUST-34803,Discount_Seeker
CUST-34804,Regular
CUST-34805,One_Time_Buyer
CUST-34806,VIP
CUST-34807,One_Time_Buyer
CUST-34808,One_Time_Buyer
CUST-34809,One_Time_Buyer
CUST-34810,One_Time_Buyer
CUST-34811,Regular
CUST-34812,Regular
CUST-34813,Discount_Seeker
CUST-34814,Regular
CUST-34815,Regular
CUST-34816,Discount_Seeker
CUST-34817,Regular
CUST-34818,One_Time_Buyer
CUST-34819,One_Time_Buyer
CUST-34820,One_Time_Buyer
CUST-34821,Discount_Seeker
CUST-34822,One_Time_Buyer
CUST-34823,One_Time_Buyer
CUST-34824,Discount_Seeker
CUST-34825,Regular
CUST-34826,One_Time_Buyer
CUST-34827,One_Time_Buyer
CUST-34828,Regular
CUST-34829,VIP
CUST-34830,Discount_Seeker
CUST-34831,VIP
CUST-34832,One_Time_Buyer
CUST-34833,One_Time_Buyer
CUST-34834,Regular
CUST-34835,Discount_Seeker
CUST-34836,VIP
CUST-34837,Discount_Seeker
CUST-34838,Regular
CUST-34839,Discount_Seeker
CUST-34840,Regular
CUST-34841,Regular
CUST-34842,Regular
CUST-34843,Regular
CUST-34844,Discount_Seeker
CUST-34845,VIP
CUST-34846,Discount_Seeker
CUST-34847,One_Time_Buyer
CUST-34848,One_Time_Buyer
CUST-34849,One_Time_Buyer
CUST-34850,One_Time_Buyer
CUST-34851,Regular
CUST-34852,Regular
CUST-34853,Discount_Seeker
CUST-34854,One_Time_Buyer
CUST-34855,One_Time_Buyer
CUST-34856,VIP
CUST-34857,Regular
CUST-34858,Regular
CUST-34859,Discount_Seeker
CUST-34860,Discount_Seeker
CUST-34861,Regular
CUST-34862,Regular
CUST-34863,Discount_Seeker
CUST-34864,Discount_Seeker
CUST-34865,VIP
CUST-34866,One_Time_Buyer
CUST-34867,Discount_Seeker
CUST-34868,One_Time_Buyer
CUST-34869,One_Time_Buyer
CUST-34870,Regular
CUST-34871,Regular
CUST-34872,Discount_Seeker
CUST-34873,Regular
CUST-34874,One_Time_Buyer
CUST-34875,Discount_Seeker
CUST-34876,One_Time_Buyer
CUST-34877,Regular
CUST-34878,Regular
CUST-34879,Discount_Seeker
CUST-34880,VIP
CUST-34881,Discount_Seeker
CUST-34882,One_Time_Buyer
CUST-34883,Regular
CUST-34884,Discount_Seeker
CUST-34885,Regular
CUST-34886,Regular
CUST-34887,One_Time_Buyer
CUST-34888,One_Time_Buyer
CUST-34889,Discount_Seeker
CUST-34890,One_Time_Buyer
CUST-34891,Discount_Seeker
CUST-34892,Regular
CUST-34893,Regular
CUST-34894,One_Time_Buyer
CUST-34895,Regular
CUST-34896,Discount_Seeker
CUST-34897,Discount_Seeker
CUST-34898,Discount_Seeker
CUST-34899,Regular
CUST-34900,Regular
CUST-34901,Regular
CUST-34902,Discount_Seeker
CUST-34903,Discount_Seeker
CUST-34904,Discount_Seeker
CUST-34905,Discount_Seeker
CUST-34906,Regular
CUST-34907,One_Time_Buyer
CUST-34908,Discount_Seeker
CUST-34909,Regular
CUST-34910,Regular
CUST-34911,One_Time_Buyer
CUST-34912,One_Time_Buyer
CUST-34913,Regular
CUST-34914,Discount_Seeker
CUST-34915,VIP
CUST-34916,VIP
CUST-34917,Discount_Seeker
CUST-34918,Discount_Seeker
CUST-34919,Discount_Seeker
CUST-34920,Regular
CUST-34921,VIP
CUST-34922,Regular
CUST-34923,VIP
CUST-34924,VIP
CUST-34925,Regular
CUST-34926,Regular
CUST-34927,Regular
CUST-34928,Discount_Seeker
CUST-34929,VIP
CUST-34930,Regular
CUST-34931,Discount_Seeker
CUST-34932,Regular
CUST-34933,Discount_Seeker
CUST-34934,VIP
CUST-34935,Regular
CUST-34936,Regular
CUST-34937,Regular
CUST-34938,Discount_Seeker
CUST-34939,One_Time_Buyer
CUST-34940,VIP
CUST-34941,Regular
CUST-34942,Discount_Seeker
CUST-34943,Regular
CUST-34944,One_Time_Buyer
CUST-34945,Regular
CUST-34946,One_Time_Buyer
CUST-34947,Regular
CUST-34948,Regular
CUST-34949,One_Time_Buyer
CUST-34950,Discount_Seeker
CUST-34951,Discount_Seeker
CUST-34952,Discount_Seeker
CUST-34953,Discount_Seeker
CUST-34954,Regular
CUST-34955,Discount_Seeker
CUST-34956,Regular
CUST-34957,One_Time_Buyer
CUST-34958,One_Time_Buyer
CUST-34959,Regular
CUST-34960,Regular
CUST-34961,VIP
CUST-34962,VIP
CUST-34963,One_Time_Buyer
CUST-34964,Regular
CUST-34965,Regular
CUST-34966,One_Time_Buyer
CUST-34967,One_Time_Buyer
CUST-34968,Discount_Seeker
CUST-34969,Discount_Seeker
CUST-34970,Discount_Seeker
CUST-34971,One_Time_Buyer
CUST-34972,Discount_Seeker
CUST-34973,Discount_Seeker
CUST-34974,VIP
CUST-34975,VIP
CUST-34976,Discount_Seeker
CUST-34977,One_Time_Buyer
CUST-34978,One_Time_Buyer
CUST-34979,One_Time_Buyer
CUST-34980,Discount_Seeker
CUST-34981,Discount_Seeker
CUST-34982,One_Time_Buyer
CUST-34983,Discount_Seeker
CUST-34984,Regular
CUST-34985,Regular
CUST-34986,One_Time_Buyer
CUST-34987,Regular
CUST-34988,One_Time_Buyer
CUST-34989,Regular
CUST-34990,Discount_Seeker
CUST-34991,Discount_Seeker
CUST-34992,Discount_Seeker
CUST-34993,Regular
CUST-34994,One_Time_Buyer
CUST-34995,Discount_Seeker
CUST-34996,Regular
CUST-34997,Discount_Seeker
CUST-34998,Regular
CUST-34999,Regular
